values,handstate,values_duplicated
0,0,1
1,0,2
2,0,4
4,0,5
5,0,4
4,0,3
3,0,1
1,0,1
1,0,1
1,0,1
1,0,0
0,0,1
1,0,1
1,0,0
0,0,0
0,0,1
1,0,1
1,0,1
1,0,0
0,0,1
1,0,1
1,0,1
1,0,2
2,0,2
2,0,3
3,0,4
4,0,3
3,0,2
2,0,0
0,0,0
0,0,0
0,0,1
1,0,1
1,0,0
0,0,0
0,0,0
0,0,0
0,0,1
1,0,2
2,0,2
2,0,3
3,0,3
3,0,2
2,0,1
1,0,0
0,0,0
0,0,2
2,0,3
3,0,2
2,0,1
1,0,1
1,0,1
1,0,1
1,0,1
1,0,1
1,0,2
2,0,2
2,0,2
2,0,3
3,0,4
4,0,3
3,0,3
3,0,2
2,0,1
1,0,0
0,0,0
0,0,1
1,0,1
1,0,1
1,0,1
1,0,1
1,0,1
1,0,1
1,0,2
2,0,2
2,0,2
2,0,1
1,0,1
1,0,1
1,0,1
1,0,1
1,0,1
1,0,2
2,0,2
2,0,2
2,0,1
1,0,1
1,0,1
1,0,1
1,0,2
2,0,3
3,0,3
3,0,3
3,0,2
2,0,1
1,0,1
1,0,1
1,0,1
1,0,2
2,0,2
2,0,3
3,0,2
2,0,3
3,0,3
3,0,3
3,0,2
2,0,3
3,0,3
3,0,3
3,0,1
1,0,0
0,0,0
0,0,2
2,0,2
2,0,4
4,0,3
3,0,1
1,0,0
0,0,1
1,0,1
1,0,1
1,0,1
1,0,1
1,0,2
2,0,2
2,0,3
3,0,2
2,0,1
1,0,0
0,0,1
1,0,1
1,0,1
1,0,1
1,0,0
0,0,0
0,0,1
1,0,0
0,0,0
0,0,0
0,0,1
1,0,0
0,0,0
0,0,1
1,0,1
1,0,0
0,0,2
2,0,2
2,0,2
2,0,0
0,0,0
0,0,1
1,0,2
2,0,3
3,0,3
3,0,3
3,0,2
2,0,1
1,0,0
0,0,1
1,0,0
0,0,0
0,0,0
0,0,1
1,0,0
0,0,0
0,0,0
0,0,0
0,0,2
2,0,2
2,0,1
1,0,1
1,0,2
2,0,2
2,0,2
2,0,2
2,0,3
3,0,3
3,0,2
2,0,1
1,0,0
0,0,1
1,0,0
0,0,1
1,0,2
2,0,2
2,0,2
2,0,1
1,0,1
1,0,2
2,0,1
1,0,2
2,0,2
2,0,2
2,0,1
1,0,0
0,0,1
1,0,1
1,0,1
1,0,1
1,0,1
1,0,1
1,0,2
2,0,1
1,0,1
1,0,0
0,0,0
0,0,0
0,0,0
0,0,1
1,0,1
1,0,2
2,0,2
2,0,2
2,0,2
2,0,2
2,0,1
1,0,0
0,0,1
1,0,2
2,0,2
2,0,2
2,0,2
2,0,2
2,0,3
3,0,3
3,0,3
3,0,2
2,0,2
2,0,2
2,0,3
3,0,3
3,0,3
3,0,4
4,0,2
2,0,1
1,0,0
0,0,0
0,0,1
1,0,2
2,0,2
2,0,1
1,0,1
1,0,1
1,0,1
1,0,0
0,0,1
1,0,2
2,0,2
2,0,1
1,0,0
0,0,0
0,0,0
0,0,1
1,0,1
1,0,0
0,0,0
0,0,0
0,0,1
1,0,1
1,0,2
2,0,1
1,0,1
1,0,1
1,0,2
2,0,2
2,0,2
2,0,3
3,0,2
2,0,2
2,0,3
3,0,3
3,0,3
3,0,3
3,0,1
1,0,1
1,0,3
3,0,4
4,0,4
4,0,3
3,0,2
2,0,1
1,0,1
1,0,0
0,0,0
0,0,0
0,0,1
1,0,1
1,0,1
1,0,1
1,0,1
1,0,2
2,0,1
1,0,2
2,0,3
3,0,2
2,0,1
1,0,1
1,0,1
1,0,2
2,0,3
3,0,4
4,0,3
3,0,3
3,0,2
2,0,2
2,0,1
1,0,1
1,0,1
1,0,0
0,0,0
0,0,0
0,0,0
0,0,0
0,0,0
0,0,0
0,0,0
0,0,0
0,0,0
0,0,0
0,0,0
0,0,0
0,0,0
0,0,0
0,0,0
0,0,1
1,0,0
0,0,0
0,0,0
0,0,0
0,0,1
1,0,1
1,0,1
1,0,2
2,0,3
3,0,2
2,0,2
2,0,1
1,0,0
0,0,1
1,0,1
1,0,0
0,0,0
0,0,0
0,0,0
0,0,0
0,0,1
1,0,2
2,0,3
3,0,3
3,0,3
3,0,2
2,0,3
3,0,2
2,0,2
2,0,1
1,0,1
1,0,0
0,0,0
0,0,0
0,0,0
0,0,1
1,0,2
2,0,2
2,0,1
1,0,1
1,0,2
2,0,3
3,0,4
4,0,3
3,0,1
1,0,0
0,0,0
0,0,0
0,0,1
1,0,2
2,0,2
2,0,0
0,0,0
0,0,1
1,0,1
1,0,0
0,0,1
1,0,0
0,0,0
0,0,2
2,0,2
2,0,2
2,0,2
2,0,1
1,0,1
1,0,1
1,0,2
2,0,2
2,0,2
2,0,1
1,0,1
1,0,2
2,0,2
2,0,2
2,0,2
2,0,3
3,0,3
3,0,2
2,0,1
1,0,1
1,0,1
1,0,2
2,0,3
3,0,3
3,0,2
2,0,3
3,0,3
3,0,2
2,0,2
2,0,1
1,0,1
1,0,1
1,0,0
0,0,0
0,0,0
0,0,0
0,0,0
0,0,0
0,0,1
1,0,1
1,0,1
1,0,1
1,0,2
2,0,2
2,0,2
2,0,1
1,0,1
1,0,1
1,0,1
1,0,2
2,0,2
2,0,0
0,0,0
0,0,0
0,0,0
0,0,1
1,0,1
1,0,1
1,0,1
1,0,2
2,0,3
3,0,4
4,0,4
4,0,3
3,0,2
2,0,2
2,0,1
1,0,2
2,0,3
3,0,5
5,0,4
4,0,1
1,0,1
1,0,1
1,0,1
1,0,1
1,0,0
0,0,0
0,0,1
1,0,1
1,0,1
1,0,1
1,0,2
2,0,1
1,0,2
2,0,1
1,0,1
1,0,1
1,0,1
1,0,2
2,0,3
3,0,2
2,0,2
2,0,2
2,0,3
3,0,3
3,0,2
2,0,1
1,0,1
1,0,1
1,0,1
1,0,1
1,0,2
2,0,1
1,0,0
0,0,0
0,0,0
0,0,0
0,0,0
0,0,0
0,0,0
0,0,0
0,0,0
0,0,0
0,0,0
0,0,1
1,0,0
0,0,0
0,0,0
0,0,0
0,0,0
0,0,0
0,0,0
0,0,2
2,0,2
2,0,2
2,0,2
2,0,1
1,0,0
0,0,0
0,0,0
0,0,0
0,0,1
1,0,2
2,0,1
1,0,1
1,0,1
1,0,2
2,0,2
2,0,2
2,0,2
2,0,2
2,0,3
3,0,3
3,0,1
1,0,0
0,0,1
1,0,2
2,0,2
2,0,0
0,0,0
0,0,1
1,0,0
0,0,2
2,0,2
2,0,1
1,0,1
1,0,1
1,0,1
1,0,2
2,0,2
2,0,1
1,0,1
1,0,0
0,0,0
0,0,1
1,0,0
0,0,1
1,0,2
2,0,3
3,0,3
3,0,2
2,0,2
2,0,2
2,0,4
4,0,4
4,0,4
4,0,3
3,0,1
1,0,1
1,0,2
2,0,2
2,0,2
2,0,2
2,0,1
1,0,1
1,0,1
1,0,1
1,0,2
2,0,3
3,0,1
1,0,0
0,0,0
0,0,0
0,0,0
0,0,0
0,0,0
0,0,0
0,0,0
0,0,0
0,0,1
1,0,2
2,0,2
2,0,2
2,0,2
2,0,2
2,0,2
2,0,2
2,0,2
2,0,2
2,0,3
3,0,2
2,0,2
2,0,3
3,0,4
4,0,4
4,0,3
3,0,4
4,0,4
4,0,2
2,0,1
1,0,1
1,0,2
2,0,3
3,0,2
2,0,0
0,0,0
0,0,1
1,0,2
2,0,2
2,0,3
3,0,2
2,0,2
2,0,2
2,0,4
4,0,4
4,0,2
2,0,1
1,0,1
1,0,1
1,0,1
1,0,1
1,0,0
0,0,0
0,0,1
1,0,1
1,0,1
1,0,0
0,0,0
0,0,0
0,0,0
0,0,0
0,0,0
0,0,0
0,0,0
0,0,1
1,0,1
1,0,0
0,0,1
1,0,1
1,0,0
0,0,0
0,0,0
0,0,0
0,0,0
0,0,1
1,0,1
1,0,1
1,0,1
1,0,2
2,0,2
2,0,2
2,0,3
3,0,2
2,0,1
1,0,0
0,0,0
0,0,0
0,0,0
0,0,1
1,0,0
0,0,2
2,0,3
3,0,4
4,0,3
3,0,1
1,0,1
1,0,1
1,0,1
1,0,1
1,0,0
0,0,0
0,0,0
0,0,2
2,0,3
3,0,3
3,0,1
1,0,0
0,0,0
0,0,0
0,0,0
0,0,1
1,0,2
2,0,2
2,0,2
2,0,1
1,0,1
1,0,1
1,0,0
0,0,2
2,0,4
4,0,4
4,0,4
4,0,3
3,0,2
2,0,3
3,0,3
3,0,5
5,0,4
4,0,4
4,0,3
3,0,3
3,0,1
1,0,0
0,0,0
0,0,0
0,0,0
0,0,0
0,0,1
1,0,1
1,0,2
2,0,2
2,0,1
1,0,0
0,0,0
0,0,0
0,0,0
0,0,0
0,0,0
0,0,0
0,0,2
2,0,2
2,0,2
2,0,1
1,0,1
1,0,1
1,0,3
3,0,5
5,0,3
3,0,2
2,0,2
2,0,2
2,0,1
1,0,1
1,0,3
3,0,3
3,0,4
4,0,3
3,0,2
2,0,1
1,0,1
1,0,1
1,0,0
0,0,0
0,0,1
1,0,2
2,0,3
3,0,2
2,0,0
0,0,0
0,0,0
0,0,0
0,0,1
1,0,2
2,0,2
2,0,1
1,0,2
2,0,3
3,0,3
3,0,3
3,0,3
3,0,2
2,0,2
2,0,0
0,0,0
0,0,0
0,0,0
0,0,1
1,0,1
1,0,0
0,0,1
1,0,1
1,0,0
0,0,1
1,0,0
0,0,0
0,0,0
0,0,0
0,0,0
0,0,0
0,0,1
1,0,0
0,0,0
0,0,0
0,0,0
0,0,0
0,0,0
0,0,0
0,0,2
2,0,2
2,0,2
2,0,1
1,0,1
1,0,1
1,0,1
1,0,1
1,0,1
1,0,1
1,0,2
2,0,2
2,0,3
3,0,3
3,0,2
2,0,2
2,0,2
2,0,1
1,0,1
1,0,2
2,0,1
1,0,0
0,0,0
0,0,1
1,0,1
1,0,2
2,0,2
2,0,1
1,0,0
0,0,1
1,0,2
2,0,1
1,0,0
0,0,1
1,0,1
1,0,0
0,0,0
0,0,1
1,0,1
1,0,1
1,0,1
1,0,1
1,0,1
1,0,2
2,0,2
2,0,2
2,0,1
1,0,1
1,0,1
1,0,0
0,0,1
1,0,2
2,0,2
2,0,3
3,0,4
4,0,5
5,0,6
6,0,5
5,0,2
2,0,0
0,0,0
0,0,0
0,0,1
1,0,1
1,0,1
1,0,1
1,0,1
1,0,2
2,0,3
3,0,1
1,0,0
0,0,0
0,0,1
1,0,1
1,0,2
2,0,2
2,0,1
1,0,0
0,0,1
1,0,1
1,0,1
1,0,0
0,0,0
0,0,0
0,0,0
0,0,0
0,0,1
1,0,1
1,0,2
2,0,2
2,0,2
2,0,2
2,0,3
3,0,3
3,0,1
1,0,2
2,0,3
3,0,4
4,0,3
3,0,2
2,0,2
2,0,2
2,0,3
3,0,2
2,0,2
2,0,1
1,0,0
0,0,0
0,0,0
0,0,0
0,0,1
1,0,1
1,0,1
1,0,1
1,0,1
1,0,2
2,0,2
2,0,2
2,0,2
2,0,3
3,0,3
3,0,4
4,0,3
3,0,2
2,0,2
2,0,3
3,0,2
2,0,3
3,0,2
2,0,2
2,0,3
3,0,2
2,0,2
2,0,2
2,0,2
2,0,2
2,0,0
0,0,1
1,0,0
0,0,0
0,0,0
0,0,0
0,0,1
1,0,2
2,0,1
1,0,0
0,0,0
0,0,0
0,0,0
0,0,0
0,0,0
0,0,1
1,0,2
2,0,1
1,0,0
0,0,1
1,0,1
1,0,0
0,0,1
1,0,2
2,0,2
2,0,1
1,0,0
0,0,0
0,0,0
0,0,0
0,0,0
0,0,0
0,0,1
1,0,1
1,0,1
1,0,1
1,0,2
2,0,2
2,0,1
1,0,0
0,0,1
1,0,1
1,0,1
1,0,2
2,0,2
2,0,2
2,0,2
2,0,2
2,0,1
1,0,1
1,0,2
2,0,1
1,0,1
1,0,2
2,0,2
2,0,2
2,0,2
2,0,2
2,0,2
2,0,2
2,0,3
3,0,2
2,0,2
2,0,1
1,0,0
0,0,0
0,0,0
0,0,0
0,0,0
0,0,0
0,0,0
0,0,2
2,0,4
4,0,8
8,0,6
6,0,0
0,0,4
4,0,4
4,0,2
2,0,0
0,0,1
1,0,1
1,0,0
0,0,2
2,0,4
4,0,5
5,0,2
2,0,0
0,0,0
0,0,1
1,0,3
3,0,2
2,0,2
2,0,3
3,0,7
7,0,8
8,0,9
9,0,9
9,0,7
7,0,6
6,0,5
5,0,5
5,0,4
4,0,3
3,0,2
2,0,2
2,0,0
0,0,2
2,0,4
4,0,3
3,0,2
2,0,2
2,0,0
0,0,0
0,0,1
1,0,2
2,0,2
2,0,1
1,0,1
1,0,1
1,0,2
2,0,2
2,0,3
3,0,3
3,0,2
2,0,1
1,0,0
0,0,1
1,0,1
1,0,0
0,0,1
1,0,1
1,0,1
1,0,2
2,0,0
0,0,0
0,0,0
0,0,0
0,0,1
1,0,1
1,0,0
0,0,0
0,0,0
0,0,0
0,0,0
0,0,0
0,0,1
1,0,3
3,0,2
2,0,2
2,0,1
1,0,1
1,0,0
0,0,0
0,0,0
0,0,0
0,0,0
0,0,0
0,0,0
0,0,1
1,0,3
3,0,3
3,0,2
2,0,2
2,0,2
2,0,3
3,0,1
1,0,1
1,0,0
0,0,0
0,0,0
0,0,1
1,0,1
1,0,1
1,0,0
0,0,1
1,0,4
4,0,5
5,0,5
5,0,4
4,0,4
4,0,5
5,0,5
5,0,4
4,0,2
2,0,2
2,0,1
1,0,2
2,0,2
2,0,2
2,0,2
2,0,2
2,0,2
2,0,3
3,0,3
3,0,3
3,0,3
3,0,4
4,0,4
4,0,3
3,0,3
3,0,1
1,0,1
1,0,2
2,0,3
3,0,3
3,0,4
4,0,3
3,0,4
4,0,4
4,0,5
5,0,6
6,0,7
7,0,5
5,0,5
5,0,4
4,0,3
3,0,2
2,0,2
2,0,1
1,0,1
1,0,3
3,0,4
4,0,4
4,0,4
4,0,3
3,0,3
3,0,3
3,0,4
4,0,4
4,0,4
4,0,3
3,0,4
4,0,4
4,0,4
4,0,4
4,0,2
2,0,2
2,0,3
3,0,3
3,0,2
2,0,0
0,0,0
0,0,0
0,0,1
1,0,1
1,0,2
2,0,2
2,0,2
2,0,3
3,0,3
3,0,5
5,0,5
5,0,4
4,0,2
2,0,1
1,0,1
1,0,3
3,0,4
4,0,3
3,0,2
2,0,2
2,0,3
3,0,2
2,0,1
1,0,1
1,0,0
0,0,0
0,0,0
0,0,0
0,0,0
0,0,0
0,0,0
0,0,0
0,0,1
1,0,2
2,0,1
1,0,1
1,0,1
1,0,0
0,0,3
3,0,3
3,0,3
3,0,2
2,0,2
2,0,3
3,0,2
2,0,1
1,0,0
0,0,0
0,0,0
0,0,0
0,0,1
1,0,2
2,0,2
2,0,1
1,0,1
1,0,1
1,0,0
0,0,1
1,0,1
1,0,1
1,0,1
1,0,2
2,0,1
1,0,1
1,0,2
2,0,1
1,0,2
2,0,1
1,0,0
0,0,0
0,0,1
1,0,0
0,0,1
1,0,3
3,0,2
2,0,3
3,0,2
2,0,2
2,0,1
1,0,2
2,0,3
3,0,3
3,0,4
4,0,2
2,0,2
2,0,3
3,0,3
3,0,3
3,0,3
3,0,3
3,0,3
3,0,3
3,0,3
3,0,2
2,0,1
1,0,0
0,0,2
2,0,4
4,0,5
5,0,4
4,0,1
1,0,0
0,0,0
0,0,0
0,0,0
0,0,0
0,0,0
0,0,1
1,0,1
1,0,0
0,0,1
1,0,2
2,0,2
2,0,3
3,0,4
4,0,3
3,0,3
3,0,4
4,0,4
4,0,4
4,0,4
4,0,3
3,0,4
4,0,4
4,0,2
2,0,3
3,0,4
4,0,5
5,0,5
5,0,5
5,0,5
5,0,5
5,0,5
5,0,5
5,0,2
2,0,1
1,0,1
1,0,0
0,0,0
0,0,2
2,0,3
3,0,4
4,0,4
4,0,5
5,0,4
4,0,4
4,0,3
3,0,4
4,0,4
4,0,4
4,0,3
3,0,3
3,0,3
3,0,2
2,0,0
0,0,0
0,0,0
0,0,1
1,0,1
1,0,0
0,0,0
0,0,0
0,0,0
0,0,2
2,0,2
2,0,3
3,0,3
3,0,2
2,0,2
2,0,3
3,0,3
3,0,2
2,0,2
2,0,3
3,0,3
3,0,3
3,0,2
2,0,1
1,0,1
1,0,0
0,0,0
0,0,1
1,0,1
1,0,2
2,0,1
1,0,0
0,0,0
0,0,0
0,0,0
0,0,0
0,0,0
0,0,1
1,0,1
1,0,0
0,0,1
1,0,1
1,0,0
0,0,1
1,0,2
2,0,2
2,0,3
3,0,3
3,0,2
2,0,1
1,0,0
0,0,0
0,0,0
0,0,0
0,0,1
1,0,1
1,0,0
0,0,0
0,0,2
2,0,3
3,0,2
2,0,2
2,0,2
2,0,3
3,0,3
3,0,3
3,0,2
2,0,0
0,0,0
0,0,0
0,0,1
1,0,1
1,0,1
1,0,0
0,0,0
0,0,0
0,0,1
1,0,0
0,0,0
0,0,0
0,0,1
1,0,3
3,0,5
5,0,4
4,0,3
3,0,2
2,0,3
3,0,3
3,0,4
4,0,5
5,0,6
6,0,4
4,0,3
3,0,2
2,0,2
2,0,0
0,0,1
1,0,0
0,0,0
0,0,0
0,0,0
0,0,0
0,0,2
2,0,3
3,0,4
4,0,3
3,0,2
2,0,1
1,0,2
2,0,2
2,0,2
2,0,3
3,0,4
4,0,3
3,0,3
3,0,3
3,0,4
4,0,5
5,0,4
4,0,4
4,0,4
4,0,5
5,0,5
5,0,5
5,0,4
4,0,4
4,0,4
4,0,4
4,0,4
4,0,3
3,0,3
3,0,2
2,0,2
2,0,2
2,0,2
2,0,2
2,0,4
4,0,4
4,0,4
4,0,4
4,0,4
4,0,5
5,0,5
5,0,5
5,0,4
4,0,3
3,0,3
3,0,4
4,0,2
2,0,1
1,0,1
1,0,0
0,0,0
0,0,1
1,0,1
1,0,0
0,0,1
1,0,3
3,0,4
4,0,3
3,0,3
3,0,2
2,0,1
1,0,2
2,0,3
3,0,3
3,0,2
2,0,2
2,0,2
2,0,2
2,0,4
4,0,3
3,0,2
2,0,2
2,0,3
3,0,3
3,0,2
2,0,2
2,0,1
1,0,1
1,0,0
0,0,1
1,0,0
0,0,0
0,0,0
0,0,1
1,0,0
0,0,0
0,0,0
0,0,0
0,0,1
1,0,2
2,0,3
3,0,3
3,0,2
2,0,2
2,0,2
2,0,2
2,0,0
0,0,0
0,0,1
1,0,2
2,0,1
1,0,2
2,0,3
3,0,3
3,0,2
2,0,1
1,0,0
0,0,1
1,0,2
2,0,2
2,0,2
2,0,1
1,0,1
1,0,0
0,0,1
1,0,1
1,0,1
1,0,0
0,0,0
0,0,1
1,0,2
2,0,1
1,0,2
2,0,3
3,0,2
2,0,2
2,0,1
1,0,2
2,0,2
2,0,1
1,0,1
1,0,1
1,0,1
1,0,2
2,0,2
2,0,3
3,0,4
4,0,3
3,0,2
2,0,1
1,0,2
2,0,3
3,0,3
3,0,3
3,0,2
2,0,2
2,0,4
4,0,6
6,0,5
5,0,3
3,0,2
2,0,1
1,0,1
1,0,2
2,0,3
3,0,2
2,0,3
3,0,2
2,0,1
1,0,0
0,0,1
1,0,3
3,0,4
4,0,6
6,0,7
7,0,7
7,0,7
7,0,5
5,0,4
4,0,3
3,0,4
4,0,4
4,0,4
4,0,3
3,0,2
2,0,1
1,0,1
1,0,2
2,0,3
3,0,4
4,0,3
3,0,4
4,0,5
5,0,4
4,0,3
3,0,3
3,0,3
3,0,4
4,0,3
3,0,3
3,0,4
4,0,5
5,0,5
5,0,5
5,0,3
3,0,1
1,0,0
0,0,0
0,0,0
0,0,0
0,0,1
1,0,4
4,0,4
4,0,5
5,0,4
4,0,4
4,0,4
4,0,4
4,0,2
2,0,2
2,0,3
3,0,2
2,0,1
1,0,1
1,0,2
2,0,3
3,0,2
2,0,2
2,0,1
1,0,0
0,0,0
0,0,0
0,0,0
0,0,1
1,0,1
1,0,0
0,0,0
0,0,0
0,0,0
0,0,1
1,0,1
1,0,1
1,0,1
1,0,1
1,0,2
2,0,3
3,0,3
3,0,0
0,0,0
0,0,0
0,0,0
0,0,1
1,0,1
1,0,1
1,0,2
2,0,2
2,0,1
1,0,1
1,0,1
1,0,2
2,0,1
1,0,0
0,0,0
0,0,1
1,0,1
1,0,0
0,0,0
0,0,1
1,0,1
1,0,1
1,0,1
1,0,2
2,0,3
3,0,2
2,0,2
2,0,1
1,0,2
2,0,2
2,0,3
3,0,2
2,0,2
2,0,1
1,0,2
2,0,3
3,0,4
4,0,4
4,0,3
3,0,2
2,0,2
2,0,2
2,0,2
2,0,3
3,0,3
3,0,3
3,0,1
1,0,0
0,0,1
1,0,2
2,0,2
2,0,1
1,0,1
1,0,1
1,0,1
1,0,1
1,0,2
2,0,2
2,0,2
2,0,2
2,0,3
3,0,5
5,0,4
4,0,4
4,0,3
3,0,4
4,0,4
4,0,5
5,0,5
5,0,5
5,0,4
4,0,3
3,0,3
3,0,3
3,0,3
3,0,4
4,0,4
4,0,5
5,0,6
6,0,4
4,0,2
2,0,1
1,0,2
2,0,2
2,0,1
1,0,1
1,0,0
0,0,2
2,0,3
3,0,4
4,0,3
3,0,2
2,0,1
1,0,0
0,0,1
1,0,3
3,0,4
4,0,3
3,0,3
3,0,4
4,0,3
3,0,3
3,0,3
3,0,2
2,0,2
2,0,2
2,0,2
2,0,0
0,0,0
0,0,1
1,0,0
0,0,0
0,0,0
0,0,1
1,0,2
2,0,4
4,0,3
3,0,3
3,0,2
2,0,2
2,0,1
1,0,0
0,0,1
1,0,3
3,0,3
3,0,2
2,0,2
2,0,3
3,0,3
3,0,3
3,0,1
1,0,0
0,0,0
0,0,0
0,0,0
0,0,0
0,0,1
1,0,2
2,0,2
2,0,1
1,0,1
1,0,1
1,0,0
0,0,0
0,0,1
1,0,1
1,0,0
0,0,0
0,0,2
2,0,2
2,0,3
3,0,1
1,0,0
0,0,0
0,0,1
1,0,1
1,0,2
2,0,1
1,0,0
0,0,1
1,0,0
0,0,0
0,0,0
0,0,0
0,0,1
1,0,3
3,0,3
3,0,4
4,0,3
3,0,2
2,0,3
3,0,3
3,0,2
2,0,0
0,0,0
0,0,0
0,0,0
0,0,1
1,0,1
1,0,2
2,0,3
3,0,4
4,0,3
3,0,1
1,0,0
0,0,1
1,0,0
0,0,0
0,0,1
1,0,2
2,0,1
1,0,0
0,0,0
0,0,0
0,0,0
0,0,1
1,0,2
2,0,3
3,0,2
2,0,2
2,0,3
3,0,3
3,0,2
2,0,2
2,0,2
2,0,4
4,0,4
4,0,3
3,0,2
2,0,2
2,0,3
3,0,3
3,0,3
3,0,3
3,0,2
2,0,2
2,0,2
2,0,3
3,0,4
4,0,3
3,0,4
4,0,2
2,0,1
1,0,0
0,0,0
0,0,0
0,0,0
0,0,0
0,0,0
0,0,0
0,0,0
0,0,0
0,0,2
2,0,2
2,0,2
2,0,2
2,0,1
1,0,1
1,0,1
1,0,2
2,0,3
3,0,3
3,0,4
4,0,3
3,0,4
4,0,3
3,0,4
4,0,3
3,0,4
4,0,4
4,0,4
4,0,3
3,0,4
4,0,3
3,0,2
2,0,3
3,0,3
3,0,3
3,0,2
2,0,2
2,0,1
1,0,2
2,0,2
2,0,1
1,0,2
2,0,2
2,0,1
1,0,1
1,0,2
2,0,3
3,0,3
3,0,2
2,0,2
2,0,2
2,0,2
2,0,3
3,0,5
5,0,4
4,0,2
2,0,1
1,0,1
1,0,1
1,0,2
2,0,2
2,0,2
2,0,2
2,0,1
1,0,1
1,0,2
2,0,2
2,0,2
2,0,2
2,0,2
2,0,1
1,0,0
0,0,0
0,0,1
1,0,0
0,0,0
0,0,0
0,0,0
0,0,0
0,0,1
1,0,0
0,0,1
1,0,3
3,0,3
3,0,1
1,0,0
0,0,1
1,0,0
0,0,1
1,0,1
1,0,1
1,0,1
1,0,0
0,0,0
0,0,1
1,0,0
0,0,1
1,0,0
0,0,0
0,0,0
0,0,0
0,0,0
0,0,0
0,0,0
0,0,0
0,0,1
1,0,0
0,0,1
1,0,1
1,0,1
1,0,0
0,0,5
5,0,3
3,0,4
4,0,4
4,0,5
5,0,3
3,0,0
0,0,1
1,0,3
3,0,5
5,0,8
8,0,9
9,0,9
9,0,8
8,0,6
6,0,3
3,0,1
1,0,0
0,0,0
0,0,1
1,0,0
0,0,1
1,0,2
2,0,2
2,0,1
1,0,1
1,0,3
3,0,5
5,0,6
6,0,6
6,0,4
4,0,3
3,0,1
1,0,0
0,0,1
1,0,2
2,0,3
3,0,3
3,0,2
2,0,0
0,0,3
3,0,6
6,0,6
6,0,6
6,0,5
5,0,5
5,0,4
4,0,3
3,0,2
2,0,0
0,0,1
1,0,3
3,0,1
1,0,0
0,0,0
0,0,1
1,0,4
4,0,6
6,0,6
6,0,5
5,0,6
6,0,6
6,0,6
6,0,6
6,0,6
6,0,4
4,0,1
1,0,0
0,0,1
1,0,3
3,0,2
2,0,1
1,0,0
0,0,0
0,0,2
2,0,2
2,0,2
2,0,3
3,0,3
3,0,3
3,0,3
3,0,1
1,0,0
0,0,1
1,0,0
0,0,1
1,0,2
2,0,1
1,0,0
0,0,0
0,0,0
0,0,0
0,0,0
0,0,1
1,0,1
1,0,2
2,0,2
2,0,1
1,0,0
0,0,1
1,0,0
0,0,1
1,0,2
2,0,0
0,0,0
0,0,0
0,0,0
0,0,0
0,0,2
2,0,4
4,0,4
4,0,2
2,0,3
3,0,5
5,0,7
7,0,6
6,0,3
3,0,0
0,0,1
1,0,1
1,0,0
0,0,0
0,0,1
1,0,0
0,0,0
0,0,0
0,0,0
0,0,0
0,0,0
0,0,0
0,0,1
1,0,0
0,0,0
0,0,0
0,0,1
1,0,2
2,0,2
2,0,2
2,0,1
1,0,0
0,0,0
0,0,0
0,0,0
0,0,1
1,0,2
2,0,1
1,0,0
0,0,0
0,0,0
0,0,0
0,0,0
0,0,0
0,0,0
0,0,1
1,0,1
1,0,1
1,0,0
0,0,0
0,0,0
0,0,1
1,0,1
1,0,1
1,0,0
0,0,1
1,0,2
2,0,2
2,0,2
2,0,3
3,0,4
4,0,4
4,0,4
4,0,4
4,0,3
3,0,1
1,0,0
0,0,0
0,0,0
0,0,0
0,0,0
0,0,1
1,0,1
1,0,1
1,0,1
1,0,1
1,0,2
2,0,2
2,0,2
2,0,2
2,0,2
2,0,2
2,0,1
1,0,0
0,0,0
0,0,0
0,0,0
0,0,0
0,0,0
0,0,0
0,0,2
2,0,2
2,0,2
2,0,3
3,0,4
4,0,5
5,0,4
4,0,3
3,0,2
2,0,1
1,0,0
0,0,0
0,0,0
0,0,0
0,0,0
0,0,0
0,0,1
1,0,1
1,0,1
1,0,2
2,0,2
2,0,3
3,0,2
2,0,1
1,0,1
1,0,1
1,0,1
1,0,0
0,0,0
0,0,0
0,0,0
0,0,0
0,0,1
1,0,2
2,0,2
2,0,2
2,0,3
3,0,3
3,0,2
2,0,2
2,0,2
2,0,2
2,0,1
1,0,0
0,0,2
2,0,3
3,0,2
2,0,1
1,0,0
0,0,0
0,0,1
1,0,1
1,0,1
1,0,1
1,0,1
1,0,2
2,0,2
2,0,1
1,0,1
1,0,1
1,0,1
1,0,0
0,0,0
0,0,0
0,0,0
0,0,1
1,0,1
1,0,1
1,0,2
2,0,2
2,0,2
2,0,3
3,0,3
3,0,3
3,0,3
3,0,1
1,0,1
1,0,1
1,0,1
1,0,1
1,0,1
1,0,1
1,0,2
2,0,3
3,0,4
4,0,4
4,0,4
4,0,3
3,0,4
4,0,3
3,0,3
3,0,3
3,0,4
4,0,3
3,0,1
1,0,1
1,0,0
0,0,0
0,0,0
0,0,1
1,0,2
2,0,1
1,0,1
1,0,2
2,0,2
2,0,3
3,0,2
2,0,2
2,0,2
2,0,3
3,0,4
4,0,3
3,0,2
2,0,1
1,0,1
1,0,1
1,0,2
2,0,3
3,0,2
2,0,3
3,0,3
3,0,3
3,0,3
3,0,2
2,0,2
2,0,1
1,0,0
0,0,0
0,0,0
0,0,0
0,0,0
0,0,0
0,0,1
1,0,1
1,0,0
0,0,0
0,0,0
0,0,0
0,0,0
0,0,0
0,0,0
0,0,0
0,0,0
0,0,0
0,0,0
0,0,0
0,0,0
0,0,0
0,0,0
0,0,0
0,0,0
0,0,0
0,0,0
0,0,0
0,0,1
1,0,1
1,0,1
1,0,1
1,0,0
0,0,0
0,0,0
0,0,1
1,0,2
2,0,1
1,0,1
1,0,1
1,0,1
1,0,1
1,0,3
3,0,2
2,0,1
1,0,1
1,0,2
2,0,3
3,0,3
3,0,2
2,0,3
3,0,3
3,0,2
2,0,1
1,0,0
0,0,0
0,0,0
0,0,1
1,0,1
1,0,1
1,0,2
2,0,1
1,0,1
1,0,0
0,0,1
1,0,1
1,0,0
0,0,2
2,0,2
2,0,1
1,0,1
1,0,1
1,0,0
0,0,0
0,0,0
0,0,0
0,0,0
0,0,1
1,0,1
1,0,1
1,0,0
0,0,0
0,0,0
0,0,2
2,0,2
2,0,2
2,0,3
3,0,2
2,0,2
2,0,3
3,0,3
3,0,3
3,0,2
2,0,2
2,0,3
3,0,5
5,0,5
5,0,5
5,0,4
4,0,4
4,0,3
3,0,4
4,0,4
4,0,3
3,0,3
3,0,2
2,0,2
2,0,2
2,0,1
1,0,2
2,0,2
2,0,3
3,0,2
2,0,1
1,0,1
1,0,1
1,0,2
2,0,3
3,0,3
3,0,5
5,0,5
5,0,5
5,0,6
6,0,4
4,0,3
3,0,2
2,0,1
1,0,1
1,0,0
0,0,0
0,0,1
1,0,1
1,0,0
0,0,0
0,0,0
0,0,1
1,0,1
1,0,0
0,0,0
0,0,0
0,0,1
1,0,1
1,0,1
1,0,1
1,0,2
2,0,1
1,0,1
1,0,1
1,0,0
0,0,0
0,0,0
0,0,0
0,0,0
0,0,0
0,0,0
0,0,0
0,0,1
1,0,1
1,0,0
0,0,0
0,0,0
0,0,0
0,0,1
1,0,1
1,0,1
1,0,1
1,0,0
0,0,0
0,0,0
0,0,1
1,0,1
1,0,1
1,0,2
2,0,2
2,0,2
2,0,1
1,0,1
1,0,1
1,0,2
2,0,2
2,0,1
1,0,0
0,0,0
0,0,0
0,0,1
1,0,2
2,0,3
3,0,2
2,0,2
2,0,1
1,0,2
2,0,2
2,0,1
1,0,1
1,0,1
1,0,1
1,0,1
1,0,2
2,0,2
2,0,2
2,0,2
2,0,2
2,0,3
3,0,2
2,0,0
0,0,0
0,0,0
0,0,0
0,0,0
0,0,1
1,0,1
1,0,1
1,0,1
1,0,0
0,0,1
1,0,2
2,0,2
2,0,3
3,0,2
2,0,2
2,0,2
2,0,3
3,0,4
4,0,4
4,0,3
3,0,3
3,0,3
3,0,3
3,0,4
4,0,4
4,0,4
4,0,2
2,0,3
3,0,2
2,0,2
2,0,2
2,0,1
1,0,2
2,0,2
2,0,3
3,0,3
3,0,3
3,0,2
2,0,2
2,0,1
1,0,2
2,0,3
3,0,3
3,0,4
4,0,4
4,0,4
4,0,4
4,0,4
4,0,3
3,0,3
3,0,2
2,0,2
2,0,1
1,0,1
1,0,1
1,0,0
0,0,1
1,0,1
1,0,0
0,0,1
1,0,1
1,0,1
1,0,1
1,0,0
0,0,0
0,0,1
1,0,1
1,0,0
0,0,0
0,0,0
0,0,0
0,0,1
1,0,1
1,0,1
1,0,0
0,0,0
0,0,0
0,0,1
1,0,1
1,0,0
0,0,0
0,0,1
1,0,2
2,0,1
1,0,1
1,0,1
1,0,0
0,0,1
1,0,2
2,0,1
1,0,1
1,0,0
0,0,0
0,0,1
1,0,1
1,0,2
2,0,2
2,0,1
1,0,2
2,0,2
2,0,3
3,0,2
2,0,1
1,0,1
1,0,2
2,0,1
1,0,0
0,0,1
1,0,0
0,0,1
1,0,1
1,0,0
0,0,1
1,0,0
0,0,1
1,0,0
0,0,1
1,0,1
1,0,2
2,0,3
3,0,4
4,0,4
4,0,3
3,0,2
2,0,1
1,0,0
0,0,0
0,0,0
0,0,0
0,0,0
0,0,2
2,0,3
3,0,3
3,0,2
2,0,0
0,0,1
1,0,1
1,0,1
1,0,2
2,0,2
2,0,2
2,0,2
2,0,2
2,0,3
3,0,3
3,0,3
3,0,2
2,0,2
2,0,2
2,0,2
2,0,4
4,0,3
3,0,4
4,0,4
4,0,4
4,0,3
3,0,3
3,0,2
2,0,3
3,0,2
2,0,3
3,0,2
2,0,2
2,0,2
2,0,1
1,0,2
2,0,3
3,0,3
3,0,2
2,0,2
2,0,1
1,0,2
2,0,2
2,0,3
3,0,3
3,0,2
2,0,3
3,0,4
4,0,4
4,0,4
4,0,3
3,0,3
3,0,3
3,0,1
1,0,0
0,0,0
0,0,0
0,0,0
0,0,0
0,0,0
0,0,0
0,0,0
0,0,0
0,0,0
0,0,0
0,0,0
0,0,0
0,0,1
1,0,1
1,0,0
0,0,0
0,0,1
1,0,1
1,0,0
0,0,0
0,0,0
0,0,0
0,0,0
0,0,0
0,0,1
1,0,1
1,0,1
1,0,1
1,0,0
0,0,0
0,0,0
0,0,0
0,0,0
0,0,0
0,0,0
0,0,0
0,0,0
0,0,0
0,0,1
1,0,1
1,0,0
0,0,1
1,0,1
1,0,2
2,0,3
3,0,3
3,0,3
3,0,2
2,0,1
1,0,0
0,0,0
0,0,0
0,0,0
0,0,1
1,0,2
2,0,1
1,0,2
2,0,1
1,0,1
1,0,2
2,0,2
2,0,2
2,0,2
2,0,2
2,0,1
1,0,1
1,0,2
2,0,2
2,0,2
2,0,2
2,0,1
1,0,1
1,0,1
1,0,1
1,0,1
1,0,2
2,0,1
1,0,1
1,0,1
1,0,2
2,0,1
1,0,1
1,0,0
0,0,1
1,0,0
0,0,1
1,0,1
1,0,2
2,0,2
2,0,2
2,0,1
1,0,2
2,0,2
2,0,1
1,0,1
1,0,1
1,0,2
2,0,2
2,0,2
2,0,2
2,0,2
2,0,2
2,0,2
2,0,3
3,0,4
4,0,3
3,0,3
3,0,3
3,0,2
2,0,2
2,0,2
2,0,3
3,0,3
3,0,5
5,0,5
5,0,4
4,0,2
2,0,1
1,0,1
1,0,0
0,0,1
1,0,0
0,0,1
1,0,1
1,0,1
1,0,1
1,0,1
1,0,1
1,0,1
1,0,2
2,0,2
2,0,2
2,0,3
3,0,3
3,0,3
3,0,5
5,0,5
5,0,5
5,0,3
3,0,2
2,0,2
2,0,1
1,0,1
1,0,2
2,0,2
2,0,1
1,0,0
0,0,0
0,0,0
0,0,1
1,0,1
1,0,0
0,0,0
0,0,1
1,0,1
1,0,2
2,0,1
1,0,1
1,0,0
0,0,0
0,0,0
0,0,0
0,0,0
0,0,0
0,0,0
0,0,0
0,0,0
0,0,1
1,0,1
1,0,0
0,0,0
0,0,0
0,0,0
0,0,0
0,0,0
0,0,0
0,0,0
0,0,0
0,0,0
0,0,1
1,0,0
0,0,1
1,0,1
1,0,2
2,0,1
1,0,1
1,0,1
1,0,2
2,0,2
2,0,1
1,0,1
1,0,1
1,0,0
0,0,0
0,0,0
0,0,0
0,0,1
1,0,1
1,0,1
1,0,2
2,0,2
2,0,2
2,0,1
1,0,1
1,0,0
0,0,0
0,0,2
2,0,2
2,0,1
1,0,1
1,0,1
1,0,1
1,0,0
0,0,0
0,0,1
1,0,2
2,0,1
1,0,1
1,0,2
2,0,2
2,0,1
1,0,1
1,0,1
1,0,2
2,0,2
2,0,2
2,0,2
2,0,2
2,0,1
1,0,0
0,0,1
1,0,1
1,0,2
2,0,1
1,0,0
0,0,1
1,0,1
1,0,1
1,0,1
1,0,1
1,0,1
1,0,2
2,0,2
2,0,2
2,0,2
2,0,1
1,0,1
1,0,1
1,0,1
1,0,1
1,0,1
1,0,1
1,0,2
2,0,1
1,0,1
1,0,0
0,0,0
0,0,0
0,0,0
0,0,2
2,0,2
2,0,2
2,0,1
1,0,1
1,0,1
1,0,2
2,0,2
2,0,1
1,0,2
2,0,2
2,0,1
1,0,0
0,0,1
1,0,1
1,0,1
1,0,1
1,0,1
1,0,2
2,0,3
3,0,2
2,0,2
2,0,2
2,0,1
1,0,0
0,0,1
1,0,2
2,0,7
7,0,2
2,0,5
5,0,1
1,0,3
3,0,4
4,0,2
2,0,2
2,0,8
8,0,14
14,0,16
16,0,15
15,0,12
12,0,10
10,0,10
10,0,12
12,0,12
12,0,10
10,0,8
8,0,6
6,0,4
4,0,3
3,0,2
2,0,2
2,0,0
0,0,1
1,0,2
2,0,5
5,0,5
5,0,5
5,0,4
4,0,4
4,0,4
4,0,5
5,0,6
6,0,4
4,0,2
2,0,2
2,0,2
2,0,2
2,0,0
0,0,0
0,0,0
0,0,0
0,0,0
0,0,0
0,0,0
0,0,0
0,0,1
1,0,0
0,0,0
0,0,0
0,0,0
0,0,0
0,0,1
1,0,2
2,0,3
3,0,3
3,0,3
3,0,2
2,0,2
2,0,1
1,0,1
1,0,0
0,0,0
0,0,0
0,0,2
2,0,2
2,0,2
2,0,2
2,0,2
2,0,3
3,0,4
4,0,4
4,0,3
3,0,1
1,0,1
1,0,0
0,0,0
0,0,0
0,0,0
0,0,0
0,0,0
0,0,0
0,0,0
0,0,0
0,0,0
0,0,0
0,0,2
2,0,4
4,0,4
4,0,3
3,0,2
2,0,2
2,0,2
2,0,0
0,0,0
0,0,1
1,0,1
1,0,1
1,0,0
0,0,1
1,0,2
2,0,3
3,0,4
4,0,4
4,0,3
3,0,3
3,0,2
2,0,1
1,0,0
0,0,0
0,0,0
0,0,0
0,0,0
0,0,0
0,0,0
0,0,2
2,0,3
3,0,2
2,0,2
2,0,2
2,0,2
2,0,1
1,0,1
1,0,2
2,0,2
2,0,3
3,0,2
2,0,2
2,0,1
1,0,2
2,0,3
3,0,3
3,0,3
3,0,2
2,0,2
2,0,3
3,0,3
3,0,4
4,0,4
4,0,5
5,0,4
4,0,3
3,0,5
5,0,5
5,0,5
5,0,3
3,0,1
1,0,2
2,0,2
2,0,1
1,0,0
0,0,0
0,0,0
0,0,0
0,0,1
1,0,5
5,0,6
6,0,5
5,0,3
3,0,3
3,0,1
1,0,0
0,0,1
1,0,2
2,0,3
3,0,4
4,0,4
4,0,3
3,0,2
2,0,2
2,0,4
4,0,4
4,0,3
3,0,2
2,0,2
2,0,0
0,0,0
0,0,1
1,0,1
1,0,0
0,0,0
0,0,0
0,0,0
0,0,0
0,0,0
0,0,0
0,0,0
0,0,0
0,0,1
1,0,2
2,0,1
1,0,1
1,0,0
0,0,0
0,0,0
0,0,1
1,0,1
1,0,1
1,0,1
1,0,1
1,0,2
2,0,1
1,0,0
0,0,0
0,0,0
0,0,2
2,0,4
4,0,4
4,0,2
2,0,1
1,0,0
0,0,0
0,0,0
0,0,1
1,0,1
1,0,0
0,0,0
0,0,0
0,0,1
1,0,2
2,0,1
1,0,0
0,0,0
0,0,0
0,0,1
1,0,0
0,0,1
1,0,1
1,0,2
2,0,2
2,0,2
2,0,2
2,0,1
1,0,1
1,0,1
1,0,1
1,0,1
1,0,1
1,0,2
2,0,2
2,0,3
3,0,3
3,0,3
3,0,2
2,0,0
0,0,0
0,0,0
0,0,0
0,0,2
2,0,4
4,0,4
4,0,1
1,0,0
0,0,0
0,0,2
2,0,3
3,0,2
2,0,1
1,0,1
1,0,0
0,0,2
2,0,2
2,0,2
2,0,1
1,0,0
0,0,1
1,0,0
0,0,1
1,0,1
1,0,1
1,0,2
2,0,2
2,0,1
1,0,1
1,0,2
2,0,3
3,0,3
3,0,4
4,0,4
4,0,3
3,0,3
3,0,4
4,0,3
3,0,3
3,0,3
3,0,2
2,0,2
2,0,3
3,0,2
2,0,3
3,0,3
3,0,3
3,0,2
2,0,2
2,0,2
2,0,1
1,0,1
1,0,3
3,0,3
3,0,3
3,0,3
3,0,2
2,0,2
2,0,2
2,0,2
2,0,4
4,0,3
3,0,2
2,0,1
1,0,3
3,0,3
3,0,3
3,0,3
3,0,3
3,0,3
3,0,2
2,0,2
2,0,1
1,0,2
2,0,2
2,0,2
2,0,0
0,0,0
0,0,1
1,0,1
1,0,0
0,0,0
0,0,0
0,0,0
0,0,0
0,0,0
0,0,0
0,0,0
0,0,0
0,0,1
1,0,1
1,0,1
1,0,1
1,0,0
0,0,0
0,0,1
1,0,0
0,0,0
0,0,1
1,0,0
0,0,1
1,0,2
2,0,3
3,0,3
3,0,1
1,0,0
0,0,1
1,0,1
1,0,0
0,0,0
0,0,0
0,0,0
0,0,1
1,0,1
1,0,1
1,0,0
0,0,1
1,0,1
1,0,1
1,0,2
2,0,1
1,0,1
1,0,2
2,0,2
2,0,2
2,0,0
0,0,1
1,0,2
2,0,2
2,0,2
2,0,2
2,0,2
2,0,3
3,0,4
4,0,3
3,0,2
2,0,0
0,0,0
0,0,0
0,0,0
0,0,0
0,0,1
1,0,2
2,0,1
1,0,1
1,0,1
1,0,2
2,0,2
2,0,1
1,0,0
0,0,2
2,0,2
2,0,2
2,0,1
1,0,1
1,0,1
1,0,0
0,0,0
0,0,1
1,0,0
0,0,1
1,0,1
1,0,1
1,0,2
2,0,3
3,0,4
4,0,4
4,0,2
2,0,1
1,0,0
0,0,0
0,0,0
0,0,0
0,0,1
1,0,1
1,0,1
1,0,1
1,0,2
2,0,2
2,0,3
3,0,2
2,0,2
2,0,2
2,0,2
2,0,3
3,0,3
3,0,4
4,0,3
3,0,3
3,0,4
4,0,3
3,0,3
3,0,2
2,0,2
2,0,3
3,0,3
3,0,3
3,0,2
2,0,2
2,0,2
2,0,2
2,0,2
2,0,2
2,0,2
2,0,2
2,0,2
2,0,2
2,0,2
2,0,1
1,0,1
1,0,0
0,0,0
0,0,0
0,0,1
1,0,1
1,0,2
2,0,2
2,0,3
3,0,3
3,0,2
2,0,3
3,0,4
4,0,4
4,0,4
4,0,2
2,0,2
2,0,2
2,0,3
3,0,3
3,0,3
3,0,1
1,0,0
0,0,0
0,0,0
0,0,0
0,0,0
0,0,1
1,0,3
3,0,2
2,0,0
0,0,0
0,0,0
0,0,0
0,0,0
0,0,0
0,0,0
0,0,0
0,0,0
0,0,1
1,0,1
1,0,0
0,0,0
0,0,0
0,0,0
0,0,0
0,0,0
0,0,1
1,0,1
1,0,1
1,0,1
1,0,1
1,0,0
0,0,0
0,0,1
1,0,1
1,0,0
0,0,0
0,0,1
1,0,1
1,0,2
2,0,2
2,0,1
1,0,1
1,0,2
2,0,3
3,0,2
2,0,0
0,0,0
0,0,0
0,0,2
2,0,2
2,0,4
4,0,3
3,0,1
1,0,0
0,0,0
0,0,0
0,0,1
1,0,2
2,0,2
2,0,2
2,0,1
1,0,0
0,0,1
1,0,2
2,0,3
3,0,2
2,0,2
2,0,1
1,0,1
1,0,1
1,0,1
1,0,0
0,0,0
0,0,1
1,0,2
2,0,2
2,0,1
1,0,1
1,0,2
2,0,1
1,0,1
1,0,1
1,0,1
1,0,1
1,0,1
1,0,1
1,0,2
2,0,1
1,0,1
1,0,1
1,0,1
1,0,1
1,0,2
2,0,1
1,0,1
1,0,0
0,0,0
0,0,3
3,0,4
4,0,2
2,0,1
1,0,1
1,0,0
0,0,0
0,0,1
1,0,2
2,0,2
2,0,1
1,0,0
0,0,0
0,0,1
1,0,1
1,0,2
2,0,1
1,0,1
1,0,0
0,0,1
1,0,1
1,0,2
2,0,3
3,0,3
3,0,2
2,0,1
1,0,0
0,0,0
0,0,1
1,0,2
2,0,3
3,0,3
3,0,3
3,0,3
3,0,2
2,0,2
2,0,2
2,0,2
2,0,1
1,0,1
1,0,1
1,0,2
2,0,3
3,0,2
2,0,2
2,0,2
2,0,3
3,0,3
3,0,3
3,0,3
3,0,3
3,0,2
2,0,2
2,0,2
2,0,3
3,0,2
2,0,2
2,0,1
1,0,0
0,0,1
1,0,2
2,0,2
2,0,2
2,0,1
1,0,1
1,0,1
1,0,1
1,0,1
1,0,2
2,0,1
1,0,2
2,0,1
1,0,1
1,0,3
3,0,2
2,0,2
2,0,2
2,0,2
2,0,3
3,0,2
2,0,2
2,0,2
2,0,2
2,0,3
3,0,2
2,0,2
2,0,2
2,0,1
1,0,1
1,0,1
1,0,1
1,0,1
1,0,2
2,0,1
1,0,0
0,0,0
0,0,0
0,0,1
1,0,1
1,0,1
1,0,0
0,0,0
0,0,1
1,0,1
1,0,0
0,0,0
0,0,1
1,0,2
2,0,0
0,0,0
0,0,0
0,0,0
0,0,1
1,0,1
1,0,1
1,0,0
0,0,0
0,0,1
1,0,1
1,0,1
1,0,1
1,0,0
0,0,0
0,0,1
1,0,1
1,0,2
2,0,2
2,0,2
2,0,1
1,0,0
0,0,0
0,0,0
0,0,1
1,0,2
2,0,1
1,0,0
0,0,0
0,0,0
0,0,2
2,0,2
2,0,2
2,0,1
1,0,0
0,0,1
1,0,1
1,0,0
0,0,0
0,0,0
0,0,1
1,0,1
1,0,1
1,0,2
2,0,1
1,0,2
2,0,3
3,0,4
4,0,3
3,0,3
3,0,3
3,0,3
3,0,2
2,0,1
1,0,0
0,0,0
0,0,1
1,0,0
0,0,1
1,0,1
1,0,2
2,0,2
2,0,1
1,0,1
1,0,1
1,0,1
1,0,2
2,0,2
2,0,2
2,0,2
2,0,2
2,0,1
1,0,0
0,0,1
1,0,0
0,0,0
0,0,1
1,0,1
1,0,2
2,0,3
3,0,2
2,0,2
2,0,1
1,0,0
0,0,0
0,0,0
0,0,0
0,0,0
0,0,2
2,0,3
3,0,2
2,0,1
1,0,1
1,0,1
1,0,1
1,0,1
1,0,1
1,0,1
1,0,1
1,0,1
1,0,0
0,0,1
1,0,1
1,0,3
3,0,4
4,0,4
4,0,2
2,0,1
1,0,0
0,0,0
0,0,0
0,0,0
0,0,1
1,0,1
1,0,1
1,0,1
1,0,0
0,0,0
0,0,0
0,0,0
0,0,1
1,0,2
2,0,2
2,0,2
2,0,1
1,0,2
2,0,3
3,0,2
2,0,3
3,0,4
4,0,3
3,0,1
1,0,1
1,0,1
1,0,1
1,0,1
1,0,2
2,0,2
2,0,2
2,0,2
2,0,1
1,0,1
1,0,1
1,0,2
2,0,3
3,0,1
1,0,1
1,0,0
0,0,1
1,0,1
1,0,1
1,0,3
3,0,3
3,0,3
3,0,3
3,0,2
2,0,1
1,0,1
1,0,1
1,0,1
1,0,2
2,0,3
3,0,3
3,0,3
3,0,1
1,0,0
0,0,1
1,0,1
1,0,1
1,0,1
1,0,1
1,0,2
2,0,3
3,0,2
2,0,3
3,0,1
1,0,0
0,0,0
0,0,0
0,0,0
0,0,0
0,0,0
0,0,0
0,0,1
1,0,1
1,0,2
2,0,2
2,0,2
2,0,4
4,0,4
4,0,4
4,0,4
4,0,4
4,0,2
2,0,1
1,0,1
1,0,1
1,0,0
0,0,0
0,0,2
2,0,2
2,0,2
2,0,2
2,0,2
2,0,2
2,0,2
2,0,0
0,0,0
0,0,0
0,0,0
0,0,0
0,0,2
2,0,2
2,0,2
2,0,1
1,0,0
0,0,1
1,0,1
1,0,1
1,0,1
1,0,1
1,0,0
0,0,0
0,0,1
1,0,1
1,0,0
0,0,0
0,0,0
0,0,0
0,0,0
0,0,1
1,0,1
1,0,1
1,0,0
0,0,0
0,0,0
0,0,0
0,0,0
0,0,0
0,0,1
1,0,0
0,0,0
0,0,0
0,0,1
1,0,2
2,0,3
3,0,3
3,0,3
3,0,2
2,0,1
1,0,1
1,0,0
0,0,1
1,0,0
0,0,0
0,0,0
0,0,0
0,0,0
0,0,2
2,0,4
4,0,4
4,0,3
3,0,2
2,0,2
2,0,1
1,0,0
0,0,1
1,0,1
1,0,0
0,0,1
1,0,1
1,0,0
0,0,0
0,0,0
0,0,0
0,0,1
1,0,1
1,0,2
2,0,2
2,0,2
2,0,2
2,0,2
2,0,0
0,0,0
0,0,1
1,0,0
0,0,1
1,0,2
2,0,3
3,0,4
4,0,3
3,0,2
2,0,2
2,0,2
2,0,1
1,0,1
1,0,1
1,0,2
2,0,2
2,0,1
1,0,1
1,0,1
1,0,1
1,0,0
0,0,0
0,0,0
0,0,0
0,0,1
1,0,1
1,0,1
1,0,1
1,0,1
1,0,1
1,0,1
1,0,2
2,0,2
2,0,2
2,0,2
2,1,6
6,1,26
26,1,24
24,1,0
0,1,1
1,1,19
19,1,29
29,1,34
34,1,21
21,1,6
6,1,30
30,1,27
27,1,8
8,1,8
8,1,38
38,1,69
69,1,68
68,1,52
52,1,28
28,1,2
2,1,13
13,1,5
5,1,10
10,1,24
24,1,17
17,1,1
1,1,6
6,1,3
3,1,7
7,1,22
22,1,33
33,1,24
24,1,2
2,1,10
10,1,15
15,1,18
18,1,21
21,1,16
16,1,4
4,1,3
3,1,9
9,1,2
2,1,4
4,1,0
0,1,8
8,1,7
7,1,0
0,1,6
6,1,11
11,1,12
12,1,8
8,1,2
2,1,2
2,1,2
2,1,0
0,1,5
5,1,10
10,1,4
4,1,5
5,1,19
19,1,34
34,1,27
27,1,3
3,1,7
7,1,9
9,1,7
7,1,2
2,1,10
10,1,6
6,1,0
0,1,2
2,1,3
3,1,11
11,1,17
17,1,9
9,1,9
9,1,19
19,1,8
8,1,2
2,1,0
0,1,0
0,1,5
5,1,6
6,1,2
2,1,0
0,1,23
23,1,32
32,1,6
6,1,22
22,1,24
24,1,14
14,1,13
13,1,14
14,1,8
8,1,6
6,1,6
6,1,4
4,1,0
0,1,5
5,1,6
6,1,2
2,1,13
13,1,16
16,1,15
15,1,11
11,1,11
11,1,15
15,1,13
13,1,8
8,1,5
5,1,1
1,1,8
8,1,9
9,1,5
5,1,0
0,1,0
0,1,6
6,1,13
13,1,11
11,1,5
5,1,0
0,1,7
7,1,16
16,1,15
15,1,6
6,1,2
2,1,5
5,1,2
2,1,5
5,1,5
5,1,1
1,1,1
1,1,5
5,1,6
6,1,8
8,1,13
13,1,11
11,1,4
4,1,0
0,1,4
4,1,5
5,1,2
2,1,1
1,1,1
1,1,1
1,1,4
4,1,5
5,1,1
1,1,3
3,1,3
3,1,2
2,1,6
6,1,6
6,1,7
7,1,8
8,1,7
7,1,10
10,1,13
13,1,18
18,1,20
20,1,11
11,1,0
0,1,8
8,1,14
14,1,14
14,1,8
8,1,0
0,1,4
4,1,3
3,1,0
0,1,0
0,1,1
1,1,9
9,1,5
5,1,5
5,1,10
10,1,0
0,1,15
15,1,17
17,1,9
9,1,0
0,1,15
15,1,20
20,1,8
8,1,1
1,1,13
13,1,23
23,1,18
18,1,11
11,1,7
7,1,4
4,1,0
0,1,4
4,1,2
2,1,4
4,1,7
7,1,4
4,1,0
0,1,3
3,1,7
7,1,7
7,1,1
1,1,7
7,1,9
9,1,8
8,1,6
6,1,0
0,1,5
5,1,5
5,1,5
5,1,7
7,1,8
8,1,0
0,1,8
8,1,5
5,1,4
4,1,5
5,1,3
3,1,0
0,1,1
1,1,3
3,1,4
4,1,9
9,1,17
17,1,29
29,1,36
36,1,23
23,1,4
4,1,6
6,1,17
17,1,22
22,1,10
10,1,5
5,1,8
8,1,2
2,1,7
7,1,9
9,1,3
3,1,2
2,1,7
7,1,10
10,1,9
9,1,11
11,1,13
13,1,9
9,1,6
6,1,28
28,1,32
32,1,16
16,1,2
2,1,2
2,1,2
2,1,2
2,1,5
5,1,7
7,1,6
6,1,9
9,1,5
5,1,18
18,1,41
41,1,39
39,1,20
20,1,0
0,1,11
11,1,3
3,1,1
1,1,2
2,1,8
8,1,8
8,1,3
3,1,16
16,1,23
23,1,23
23,1,21
21,1,15
15,1,6
6,1,4
4,1,12
12,1,8
8,1,0
0,1,5
5,1,20
20,1,18
18,1,6
6,1,11
11,1,22
22,1,18
18,1,3
3,1,12
12,1,17
17,1,3
3,1,14
14,1,10
10,1,0
0,1,7
7,1,20
20,1,19
19,1,3
3,1,13
13,1,18
18,1,12
12,1,5
5,1,4
4,1,3
3,1,1
1,1,7
7,1,11
11,1,10
10,1,2
2,1,5
5,1,6
6,1,0
0,1,4
4,1,11
11,1,12
12,1,8
8,1,3
3,1,1
1,1,1
1,1,9
9,1,16
16,1,12
12,1,0
0,1,6
6,1,4
4,1,0
0,1,2
2,1,5
5,1,1
1,1,5
5,1,0
0,1,1
1,1,1
1,1,6
6,1,9
9,1,10
10,1,9
9,1,4
4,1,0
0,1,4
4,1,2
2,1,1
1,1,7
7,1,11
11,1,12
12,1,6
6,1,0
0,1,4
4,1,7
7,1,9
9,1,9
9,1,11
11,1,12
12,1,16
16,1,15
15,1,11
11,1,8
8,1,1
1,1,5
5,1,5
5,1,1
1,1,9
9,1,7
7,1,2
2,1,6
6,1,7
7,1,8
8,1,3
3,1,2
2,1,5
5,1,2
2,1,0
0,1,4
4,1,8
8,1,7
7,1,5
5,1,0
0,1,5
5,1,8
8,1,5
5,1,1
1,1,1
1,1,0
0,1,2
2,1,5
5,1,9
9,1,12
12,1,13
13,1,10
10,1,4
4,1,21
21,1,27
27,1,17
17,1,9
9,1,11
11,1,11
11,1,7
7,1,4
4,1,30
30,1,80
80,1,65
65,1,6
6,1,29
29,1,30
30,1,11
11,1,2
2,1,5
5,1,9
9,1,18
18,1,20
20,1,12
12,1,2
2,1,11
11,1,6
6,1,0
0,1,9
9,1,15
15,1,14
14,1,2
2,1,8
8,1,11
11,1,10
10,1,1
1,1,12
12,1,27
27,1,30
30,1,20
20,1,7
7,1,11
11,1,31
31,1,28
28,1,2
2,1,17
17,1,17
17,1,1
1,1,10
10,1,5
5,1,15
15,1,6
6,1,22
22,1,10
10,1,10
10,1,20
20,1,10
10,1,11
11,1,24
24,1,22
22,1,16
16,1,6
6,1,4
4,1,6
6,1,0
0,1,8
8,1,12
12,1,5
5,1,3
3,1,4
4,1,0
0,1,7
7,1,1
1,1,18
18,1,33
33,1,48
48,1,42
42,1,22
22,1,5
5,1,4
4,1,11
11,1,20
20,1,14
14,1,7
7,1,23
23,1,21
21,1,14
14,1,7
7,1,2
2,1,13
13,1,13
13,1,9
9,1,2
2,1,0
0,1,4
4,1,11
11,1,12
12,1,11
11,1,3
3,1,7
7,1,10
10,1,2
2,1,2
2,1,0
0,1,2
2,1,4
4,1,4
4,1,1
1,1,3
3,1,3
3,1,3
3,1,4
4,1,2
2,1,7
7,1,6
6,1,0
0,1,10
10,1,16
16,1,7
7,1,12
12,1,26
26,1,24
24,1,16
16,1,8
8,1,1
1,1,10
10,1,17
17,1,16
16,1,9
9,1,2
2,1,5
5,1,18
18,1,26
26,1,18
18,1,10
10,1,7
7,1,2
2,1,8
8,1,18
18,1,15
15,1,8
8,1,9
9,1,8
8,1,1
1,1,5
5,1,4
4,1,12
12,1,31
31,1,30
30,1,11
11,1,1
1,1,5
5,1,4
4,1,1
1,1,1
1,1,6
6,1,9
9,1,4
4,1,2
2,1,14
14,1,24
24,1,14
14,1,0
0,1,10
10,1,17
17,1,23
23,1,20
20,1,1
1,1,18
18,1,27
27,1,23
23,1,13
13,1,7
7,1,5
5,1,5
5,1,4
4,1,0
0,1,6
6,1,10
10,1,9
9,1,6
6,1,7
7,1,4
4,1,2
2,1,1
1,1,6
6,1,8
8,1,4
4,1,4
4,1,7
7,1,4
4,1,0
0,1,8
8,1,15
15,1,11
11,1,2
2,1,9
9,1,1
1,1,14
14,1,13
13,1,4
4,1,0
0,1,0
0,1,1
1,1,3
3,1,9
9,1,10
10,1,5
5,1,1
1,1,7
7,1,6
6,1,1
1,1,0
0,1,3
3,1,4
4,1,4
4,1,1
1,1,6
6,1,7
7,1,10
10,1,13
13,1,13
13,1,12
12,1,3
3,1,11
11,1,17
17,1,10
10,1,0
0,1,2
2,1,1
1,1,6
6,1,5
5,1,4
4,1,8
8,1,0
0,1,6
6,1,4
4,1,1
1,1,1
1,1,7
7,1,10
10,1,7
7,1,2
2,1,8
8,1,21
21,1,16
16,1,1
1,1,7
7,1,11
11,1,12
12,1,6
6,1,4
4,1,6
6,1,6
6,1,8
8,1,8
8,1,8
8,1,6
6,1,3
3,1,2
2,1,2
2,1,0
0,1,6
6,1,3
3,1,6
6,1,12
12,1,10
10,1,2
2,1,5
5,1,9
9,1,10
10,1,8
8,1,0
0,1,5
5,1,0
0,1,7
7,1,9
9,1,0
0,1,8
8,1,7
7,1,4
4,1,6
6,1,6
6,1,2
2,1,1
1,1,4
4,1,5
5,1,3
3,1,3
3,1,7
7,1,18
18,1,25
25,1,23
23,1,10
10,1,5
5,1,8
8,1,6
6,1,4
4,1,15
15,1,15
15,1,6
6,1,0
0,1,1
1,1,5
5,1,6
6,1,2
2,1,1
1,1,3
3,1,4
4,1,2
2,1,0
0,1,0
0,1,4
4,1,6
6,1,1
1,1,0
0,1,1
1,1,3
3,1,9
9,1,14
14,1,13
13,1,8
8,1,0
0,1,2
2,1,6
6,1,14
14,1,12
12,1,6
6,1,0
0,1,0
0,1,0
0,1,4
4,1,11
11,1,11
11,1,7
7,1,8
8,1,11
11,1,12
12,1,11
11,1,20
20,1,24
24,1,10
10,1,2
2,1,10
10,1,13
13,1,8
8,1,0
0,1,1
1,1,9
9,1,17
17,1,9
9,1,1
1,1,0
0,1,1
1,1,3
3,1,2
2,1,6
6,1,11
11,1,13
13,1,10
10,1,7
7,1,6
6,1,12
12,1,16
16,1,11
11,1,1
1,1,6
6,1,8
8,1,7
7,1,5
5,1,2
2,1,10
10,1,5
5,1,7
7,1,14
14,1,10
10,1,5
5,1,8
8,1,8
8,1,2
2,1,3
3,1,8
8,1,7
7,1,8
8,1,23
23,1,14
14,1,5
5,1,12
12,1,8
8,1,1
1,1,9
9,1,7
7,1,2
2,1,4
4,1,7
7,1,20
20,1,17
17,1,12
12,1,10
10,1,6
6,1,0
0,1,9
9,1,15
15,1,13
13,1,4
4,1,4
4,1,7
7,1,4
4,1,7
7,1,12
12,1,11
11,1,2
2,1,2
2,1,1
1,1,7
7,1,0
0,1,17
17,1,18
18,1,10
10,1,5
5,1,1
1,1,3
3,1,2
2,1,5
5,1,2
2,1,4
4,1,10
10,1,10
10,1,3
3,1,3
3,1,3
3,1,0
0,1,7
7,1,12
12,1,9
9,1,2
2,1,1
1,1,3
3,1,5
5,1,5
5,1,1
1,1,8
8,1,5
5,1,0
0,1,1
1,1,12
12,1,18
18,1,18
18,1,15
15,1,5
5,1,2
2,1,2
2,1,3
3,1,9
9,1,13
13,1,14
14,1,10
10,1,4
4,1,1
1,1,0
0,1,3
3,1,8
8,1,9
9,1,9
9,1,8
8,1,2
2,1,3
3,1,12
12,1,15
15,1,6
6,1,1
1,1,4
4,1,7
7,1,7
7,1,1
1,1,9
9,1,9
9,1,7
7,1,3
3,1,0
0,1,2
2,1,2
2,1,0
0,1,3
3,1,4
4,1,0
0,1,6
6,1,0
0,1,8
8,1,10
10,1,0
0,1,11
11,1,12
12,1,7
7,1,1
1,1,4
4,1,19
19,1,22
22,1,9
9,1,1
1,1,1
1,1,1
1,1,0
0,1,1
1,1,0
0,1,2
2,1,8
8,1,13
13,1,10
10,1,4
4,1,1
1,1,2
2,1,1
1,1,1
1,1,4
4,1,6
6,1,9
9,1,6
6,1,4
4,1,12
12,1,12
12,1,7
7,1,1
1,1,9
9,1,15
15,1,20
20,1,19
19,1,6
6,1,9
9,1,15
15,1,9
9,1,2
2,1,4
4,1,12
12,1,10
10,1,0
0,1,2
2,1,1
1,1,0
0,1,3
3,1,8
8,1,12
12,1,11
11,1,8
8,1,9
9,1,12
12,1,12
12,1,10
10,1,6
6,1,0
0,1,10
10,1,17
17,1,12
12,1,0
0,1,1
1,1,4
4,1,12
12,1,17
17,1,12
12,1,7
7,1,10
10,1,9
9,1,0
0,1,0
0,1,10
10,1,15
15,1,3
3,1,3
3,1,2
2,1,6
6,1,4
4,1,2
2,1,3
3,1,2
2,1,5
5,1,0
0,1,9
9,1,15
15,1,17
17,1,8
8,1,2
2,1,5
5,1,5
5,1,5
5,1,5
5,1,2
2,1,9
9,1,22
22,1,22
22,1,5
5,1,9
9,1,16
16,1,12
12,1,6
6,1,2
2,1,4
4,1,8
8,1,13
13,1,27
27,1,38
38,1,26
26,1,3
3,1,25
25,1,31
31,1,24
24,1,15
15,1,2
2,1,15
15,1,28
28,1,21
21,1,6
6,1,2
2,1,1
1,1,19
19,1,26
26,1,25
25,1,15
15,1,18
18,1,45
45,1,23
23,1,6
6,1,17
17,1,15
15,1,10
10,1,36
36,1,36
36,1,22
22,1,5
5,1,11
11,1,18
18,1,10
10,1,2
2,1,6
6,1,6
6,1,5
5,1,16
16,1,14
14,1,7
7,1,2
2,1,2
2,1,10
10,1,14
14,1,5
5,1,2
2,1,12
12,1,6
6,1,11
11,1,18
18,1,27
27,1,39
39,1,28
28,1,18
18,1,62
62,1,47
47,1,0
0,1,27
27,1,29
29,1,17
17,1,11
11,1,9
9,1,2
2,1,20
20,1,24
24,1,17
17,1,9
9,1,0
0,1,3
3,1,19
19,1,24
24,1,21
21,1,26
26,1,27
27,1,7
7,1,4
4,1,4
4,1,11
11,1,18
18,1,13
13,1,2
2,1,1
1,1,9
9,1,20
20,1,7
7,1,21
21,1,28
28,1,11
11,1,1
1,1,3
3,1,17
17,1,27
27,1,29
29,1,18
18,1,6
6,1,18
18,1,14
14,1,13
13,1,16
16,1,22
22,1,31
31,1,30
30,1,12
12,1,11
11,1,27
27,1,32
32,1,25
25,1,10
10,1,2
2,1,8
8,1,12
12,1,13
13,1,12
12,1,9
9,1,0
0,1,8
8,1,7
7,1,3
3,1,9
9,1,9
9,1,6
6,1,0
0,1,4
4,1,4
4,1,2
2,1,1
1,1,7
7,1,12
12,1,10
10,1,7
7,1,10
10,1,14
14,1,14
14,1,9
9,1,0
0,1,6
6,1,7
7,1,6
6,1,8
8,1,8
8,1,6
6,1,8
8,1,8
8,1,0
0,1,16
16,1,20
20,1,15
15,1,12
12,1,6
6,1,0
0,1,5
5,1,6
6,1,0
0,1,3
3,1,3
3,1,5
5,1,4
4,1,0
0,1,5
5,1,5
5,1,0
0,1,2
2,1,1
1,1,0
0,1,6
6,1,18
18,1,17
17,1,5
5,1,2
2,1,4
4,1,0
0,1,6
6,1,6
6,1,3
3,1,12
12,1,13
13,1,5
5,1,6
6,1,12
12,1,11
11,1,2
2,1,6
6,1,8
8,1,1
1,1,11
11,1,11
11,1,4
4,1,3
3,1,3
3,1,0
0,1,6
6,1,15
15,1,17
17,1,13
13,1,11
11,1,11
11,1,5
5,1,4
4,1,11
11,1,15
15,1,13
13,1,4
4,1,1
1,1,1
1,1,3
3,1,10
10,1,14
14,1,9
9,1,2
2,1,4
4,1,12
12,1,5
5,1,14
14,1,24
24,1,25
25,1,19
19,1,5
5,1,4
4,1,3
3,1,2
2,1,6
6,1,13
13,1,19
19,1,15
15,1,1
1,1,3
3,1,3
3,1,0
0,1,5
5,1,4
4,1,0
0,1,3
3,1,6
6,1,5
5,1,2
2,1,1
1,1,2
2,1,1
1,1,13
13,1,23
23,1,17
17,1,5
5,1,3
3,1,3
3,1,6
6,1,17
17,1,16
16,1,4
4,1,2
2,1,4
4,1,12
12,1,11
11,1,2
2,1,3
3,1,3
3,1,1
1,1,1
1,1,2
2,1,4
4,1,6
6,1,6
6,1,8
8,1,10
10,1,8
8,1,2
2,1,1
1,1,0
0,1,0
0,1,0
0,1,0
0,1,2
2,1,2
2,1,0
0,1,1
1,1,3
3,1,1
1,1,8
8,1,11
11,1,7
7,1,4
4,1,5
5,1,2
2,1,4
4,1,7
7,1,8
8,1,13
13,1,14
14,1,10
10,1,4
4,1,1
1,1,1
1,1,0
0,1,5
5,1,7
7,1,2
2,1,6
6,1,10
10,1,6
6,1,6
6,1,22
22,1,29
29,1,25
25,1,13
13,1,3
3,1,13
13,1,13
13,1,11
11,1,7
7,1,3
3,1,3
3,1,7
7,1,11
11,1,7
7,1,0
0,1,3
3,1,2
2,1,4
4,1,10
10,1,15
15,1,19
19,1,15
15,1,3
3,1,5
5,1,2
2,1,3
3,1,1
1,1,6
6,1,11
11,1,5
5,1,0
0,1,7
7,1,20
20,1,17
17,1,3
3,1,23
23,1,25
25,1,16
16,1,11
11,1,12
12,1,5
5,1,7
7,1,10
10,1,6
6,1,3
3,1,3
3,1,13
13,1,17
17,1,18
18,1,11
11,1,1
1,1,9
9,1,10
10,1,7
7,1,3
3,1,17
17,1,20
20,1,10
10,1,6
6,1,0
0,1,9
9,1,15
15,1,14
14,1,12
12,1,12
12,1,8
8,1,3
3,1,0
0,1,0
0,1,0
0,1,3
3,1,4
4,1,5
5,1,0
0,1,13
13,1,22
22,1,16
16,1,8
8,1,9
9,1,14
14,1,15
15,1,16
16,1,28
28,1,33
33,1,20
20,1,2
2,1,17
17,1,22
22,1,18
18,1,5
5,1,4
4,1,1
1,1,10
10,1,10
10,1,5
5,1,0
0,1,10
10,1,18
18,1,16
16,1,16
16,1,12
12,1,5
5,1,0
0,1,14
14,1,26
26,1,27
27,1,21
21,1,0
0,1,23
23,1,23
23,1,5
5,1,9
9,1,25
25,1,19
19,1,4
4,1,8
8,1,13
13,1,1
1,1,17
17,1,24
24,1,16
16,1,1
1,1,9
9,1,12
12,1,14
14,1,17
17,1,13
13,1,4
4,1,10
10,1,19
19,1,20
20,1,18
18,1,8
8,1,4
4,1,13
13,1,4
4,1,9
9,1,3
3,1,2
2,1,2
2,1,0
0,1,9
9,1,5
5,1,6
6,1,12
12,1,12
12,1,5
5,1,3
3,1,7
7,1,13
13,1,13
13,1,6
6,1,1
1,1,4
4,1,6
6,1,1
1,1,3
3,1,9
9,1,8
8,1,3
3,1,4
4,1,10
10,1,16
16,1,14
14,1,1
1,1,11
11,1,2
2,1,10
10,1,7
7,1,1
1,1,5
5,1,5
5,1,5
5,1,5
5,1,1
1,1,14
14,1,17
17,1,11
11,1,4
4,1,1
1,1,2
2,1,2
2,1,2
2,1,1
1,1,3
3,1,2
2,1,2
2,1,7
7,1,12
12,1,13
13,1,5
5,1,8
8,1,21
21,1,6
6,1,31
31,1,43
43,1,21
21,1,4
4,1,0
0,1,3
3,1,0
0,1,0
0,1,3
3,1,7
7,1,11
11,1,33
33,1,72
72,1,73
73,1,35
35,1,12
12,1,58
58,1,74
74,1,39
39,1,6
6,1,28
28,1,33
33,1,29
29,1,12
12,1,15
15,1,50
50,1,82
82,1,87
87,1,50
50,1,8
8,1,6
6,1,10
10,1,14
14,1,15
15,1,11
11,1,8
8,1,8
8,1,5
5,1,0
0,1,0
0,1,7
7,1,17
17,1,12
12,1,0
0,1,4
4,1,8
8,1,14
14,1,9
9,1,0
0,1,3
3,1,5
5,1,5
5,1,0
0,1,6
6,1,12
12,1,18
18,1,13
13,1,0
0,1,12
12,1,15
15,1,7
7,1,6
6,1,11
11,1,6
6,1,0
0,1,4
4,1,10
10,1,8
8,1,1
1,1,13
13,1,18
18,1,12
12,1,1
1,1,1
1,1,1
1,1,2
2,1,6
6,1,7
7,1,10
10,1,14
14,1,14
14,1,11
11,1,12
12,1,11
11,1,8
8,1,3
3,1,1
1,1,0
0,1,1
1,1,0
0,1,7
7,1,12
12,1,6
6,1,5
5,1,13
13,1,15
15,1,10
10,1,2
2,1,5
5,1,7
7,1,10
10,1,6
6,1,8
8,1,17
17,1,9
9,1,4
4,1,8
8,1,3
3,1,3
3,1,6
6,1,1
1,1,1
1,1,0
0,1,0
0,1,1
1,1,0
0,1,9
9,1,13
13,1,10
10,1,1
1,1,9
9,1,14
14,1,7
7,1,3
3,1,4
4,1,4
4,1,5
5,1,10
10,1,15
15,1,15
15,1,8
8,1,5
5,1,22
22,1,25
25,1,16
16,1,5
5,1,1
1,1,0
0,1,3
3,1,7
7,1,3
3,1,0
0,1,1
1,1,4
4,1,6
6,1,4
4,1,2
2,1,3
3,1,1
1,1,0
0,1,1
1,1,2
2,1,4
4,1,11
11,1,17
17,1,10
10,1,2
2,1,8
8,1,9
9,1,13
13,1,16
16,1,16
16,1,11
11,1,17
17,1,28
28,1,17
17,1,6
6,1,14
14,1,8
8,1,2
2,1,0
0,1,4
4,1,11
11,1,14
14,1,11
11,1,2
2,1,1
1,1,2
2,1,3
3,1,1
1,1,12
12,1,13
13,1,5
5,1,0
0,1,2
2,1,5
5,1,7
7,1,5
5,1,1
1,1,2
2,1,11
11,1,14
14,1,8
8,1,3
3,1,6
6,1,6
6,1,1
1,1,1
1,1,7
7,1,9
9,1,7
7,1,2
2,1,4
4,1,10
10,1,11
11,1,3
3,1,6
6,1,10
10,1,8
8,1,4
4,1,1
1,1,1
1,1,5
5,1,9
9,1,5
5,1,1
1,1,1
1,1,1
1,1,2
2,1,2
2,1,11
11,1,9
9,1,0
0,1,0
0,1,5
5,1,13
13,1,20
20,1,19
19,1,6
6,1,7
7,1,17
17,1,22
22,1,16
16,1,3
3,1,3
3,1,5
5,1,5
5,1,8
8,1,7
7,1,4
4,1,10
10,1,5
5,1,5
5,1,15
15,1,13
13,1,0
0,1,7
7,1,0
0,1,8
8,1,8
8,1,2
2,1,1
1,1,3
3,1,5
5,1,7
7,1,9
9,1,16
16,1,18
18,1,13
13,1,10
10,1,5
5,1,4
4,1,12
12,1,13
13,1,5
5,1,5
5,1,9
9,1,2
2,1,5
5,1,1
1,1,6
6,1,6
6,1,1
1,1,0
0,1,5
5,1,7
7,1,4
4,1,1
1,1,11
11,1,18
18,1,10
10,1,1
1,1,3
3,1,2
2,1,3
3,1,5
5,1,7
7,1,5
5,1,3
3,1,4
4,1,0
0,1,7
7,1,10
10,1,11
11,1,10
10,1,6
6,1,4
4,1,4
4,1,3
3,1,3
3,1,0
0,1,7
7,1,7
7,1,1
1,1,3
3,1,5
5,1,3
3,1,3
3,1,1
1,1,1
1,1,3
3,1,2
2,1,4
4,1,10
10,1,11
11,1,3
3,1,4
4,1,6
6,1,1
1,1,11
11,1,16
16,1,14
14,1,8
8,1,5
5,1,8
8,1,11
11,1,6
6,1,2
2,1,9
9,1,9
9,1,6
6,1,0
0,1,0
0,1,2
2,1,4
4,1,1
1,1,1
1,1,3
3,1,5
5,1,8
8,1,10
10,1,7
7,1,2
2,1,11
11,1,10
10,1,3
3,1,4
4,1,3
3,1,1
1,1,4
4,1,2
2,1,9
9,1,8
8,1,1
1,1,0
0,1,5
5,1,8
8,1,4
4,1,5
5,1,6
6,1,0
0,1,2
2,1,0
0,1,3
3,1,10
10,1,5
5,1,7
7,1,14
14,1,7
7,1,9
9,1,27
27,1,31
31,1,20
20,1,5
5,1,2
2,1,5
5,1,4
4,1,2
2,1,2
2,1,6
6,1,6
6,1,2
2,1,3
3,1,8
8,1,4
4,1,5
5,1,5
5,1,2
2,1,3
3,1,5
5,1,4
4,1,0
0,1,9
9,1,21
21,1,22
22,1,9
9,1,2
2,1,6
6,1,4
4,1,0
0,1,4
4,1,8
8,1,12
12,1,11
11,1,8
8,1,7
7,1,0
0,1,6
6,1,1
1,1,22
22,1,31
31,1,21
21,1,3
3,1,6
6,1,8
8,1,8
8,1,6
6,1,2
2,1,3
3,1,1
1,1,8
8,1,9
9,1,0
0,1,6
6,1,6
6,1,2
2,1,0
0,1,1
1,1,0
0,1,1
1,1,4
4,1,11
11,1,10
10,1,0
0,1,5
5,1,1
1,1,1
1,1,9
9,1,13
13,1,8
8,1,1
1,1,2
2,1,0
0,1,0
0,1,3
3,1,4
4,1,1
1,1,1
1,1,6
6,1,11
11,1,5
5,1,3
3,1,10
10,1,12
12,1,9
9,1,6
6,1,1
1,1,7
7,1,5
5,1,0
0,1,8
8,1,10
10,1,3
3,1,12
12,1,4
4,1,1
1,1,0
0,1,2
2,1,3
3,1,4
4,1,7
7,1,10
10,1,10
10,1,9
9,1,4
4,1,8
8,1,23
23,1,20
20,1,3
3,1,0
0,1,0
0,1,0
0,1,5
5,1,8
8,1,6
6,1,5
5,1,4
4,1,1
1,1,7
7,1,15
15,1,11
11,1,2
2,1,0
0,1,3
3,1,5
5,1,4
4,1,0
0,1,8
8,1,11
11,1,9
9,1,7
7,1,6
6,1,1
1,1,4
4,1,6
6,1,0
0,1,13
13,1,14
14,1,6
6,1,3
3,1,5
5,1,2
2,1,6
6,1,3
3,1,6
6,1,11
11,1,11
11,1,7
7,1,1
1,1,2
2,1,3
3,1,3
3,1,36
36,1,70
70,1,93
93,1,96
96,1,43
43,1,33
33,1,89
89,1,94
94,1,49
49,1,0
0,1,27
27,1,9
9,1,28
28,1,45
45,1,37
37,1,16
16,1,4
4,1,11
11,1,7
7,1,27
27,1,23
23,1,9
9,1,7
7,1,22
22,1,33
33,1,24
24,1,0
0,1,25
25,1,45
45,1,55
55,1,49
49,1,28
28,1,4
4,1,9
9,1,4
4,1,11
11,1,12
12,1,4
4,1,6
6,1,11
11,1,6
6,1,1
1,1,5
5,1,2
2,1,3
3,1,8
8,1,6
6,1,1
1,1,2
2,1,16
16,1,19
19,1,10
10,1,2
2,1,1
1,1,3
3,1,0
0,1,1
1,1,9
9,1,20
20,1,24
24,1,22
22,1,14
14,1,7
7,1,2
2,1,3
3,1,6
6,1,5
5,1,3
3,1,0
0,1,1
1,1,4
4,1,7
7,1,10
10,1,22
22,1,36
36,1,32
32,1,14
14,1,1
1,1,5
5,1,5
5,1,6
6,1,10
10,1,10
10,1,5
5,1,0
0,1,3
3,1,9
9,1,9
9,1,2
2,1,7
7,1,16
16,1,20
20,1,14
14,1,10
10,1,11
11,1,5
5,1,6
6,1,15
15,1,18
18,1,17
17,1,13
13,1,11
11,1,7
7,1,3
3,1,6
6,1,5
5,1,3
3,1,11
11,1,12
12,1,9
9,1,5
5,1,3
3,1,0
0,1,2
2,1,5
5,1,11
11,1,7
7,1,9
9,1,18
18,1,17
17,1,16
16,1,10
10,1,0
0,1,7
7,1,8
8,1,0
0,1,15
15,1,23
23,1,17
17,1,6
6,1,1
1,1,8
8,1,12
12,1,10
10,1,5
5,1,0
0,1,0
0,1,1
1,1,2
2,1,1
1,1,4
4,1,11
11,1,9
9,1,2
2,1,2
2,1,6
6,1,3
3,1,1
1,1,2
2,1,3
3,1,4
4,1,1
1,1,3
3,1,0
0,1,5
5,1,2
2,1,0
0,1,3
3,1,6
6,1,3
3,1,1
1,1,4
4,1,2
2,1,2
2,1,8
8,1,12
12,1,9
9,1,3
3,1,1
1,1,1
1,1,0
0,1,0
0,1,3
3,1,7
7,1,5
5,1,7
7,1,12
12,1,9
9,1,5
5,1,0
0,1,1
1,1,1
1,1,4
4,1,4
4,1,2
2,1,1
1,1,5
5,1,0
0,1,13
13,1,19
19,1,9
9,1,1
1,1,1
1,1,0
0,1,7
7,1,16
16,1,19
19,1,14
14,1,0
0,1,16
16,1,21
21,1,13
13,1,4
4,1,0
0,1,8
8,1,23
23,1,25
25,1,9
9,1,6
6,1,13
13,1,13
13,1,11
11,1,6
6,1,0
0,1,0
0,1,12
12,1,17
17,1,4
4,1,11
11,1,13
13,1,5
5,1,0
0,1,2
2,1,3
3,1,16
16,1,22
22,1,18
18,1,11
11,1,3
3,1,0
0,1,4
4,1,7
7,1,6
6,1,5
5,1,4
4,1,1
1,1,1
1,1,0
0,1,4
4,1,4
4,1,0
0,1,2
2,1,0
0,1,1
1,1,1
1,1,5
5,1,5
5,1,2
2,1,2
2,1,1
1,1,9
9,1,22
22,1,19
19,1,8
8,1,1
1,1,3
3,1,2
2,1,3
3,1,5
5,1,4
4,1,6
6,1,11
11,1,10
10,1,3
3,1,9
9,1,25
25,1,25
25,1,13
13,1,3
3,1,6
6,1,10
10,1,5
5,1,5
5,1,11
11,1,8
8,1,3
3,1,4
4,1,6
6,1,0
0,1,7
7,1,10
10,1,14
14,1,15
15,1,2
2,1,7
7,1,8
8,1,3
3,1,3
3,1,1
1,1,6
6,1,10
10,1,11
11,1,11
11,1,11
11,1,10
10,1,7
7,1,0
0,1,10
10,1,18
18,1,23
23,1,20
20,1,13
13,1,7
7,1,0
0,1,1
1,1,0
0,1,4
4,1,4
4,1,2
2,1,1
1,1,8
8,1,7
7,1,2
2,1,0
0,1,0
0,1,0
0,1,0
0,1,2
2,1,1
1,1,0
0,1,2
2,1,1
1,1,1
1,1,4
4,1,0
0,1,8
8,1,2
2,1,11
11,1,12
12,1,0
0,1,6
6,1,4
4,1,1
1,1,4
4,1,5
5,1,7
7,1,17
17,1,18
18,1,6
6,1,7
7,1,13
13,1,12
12,1,0
0,1,11
11,1,13
13,1,8
8,1,4
4,1,10
10,1,19
19,1,14
14,1,3
3,1,0
0,1,0
0,1,8
8,1,19
19,1,21
21,1,17
17,1,18
18,1,12
12,1,8
8,1,19
19,1,9
9,1,2
2,1,11
11,1,7
7,1,0
0,1,1
1,1,2
2,1,1
1,1,8
8,1,11
11,1,2
2,1,2
2,1,4
4,1,11
11,1,10
10,1,10
10,1,14
14,1,10
10,1,1
1,1,5
5,1,2
2,1,0
0,1,5
5,1,13
13,1,17
17,1,14
14,1,10
10,1,12
12,1,10
10,1,11
11,1,13
13,1,10
10,1,3
3,1,1
1,1,0
0,1,1
1,1,6
6,1,12
12,1,11
11,1,7
7,1,4
4,1,1
1,1,2
2,1,2
2,1,1
1,1,1
1,1,2
2,1,1
1,1,1
1,1,2
2,1,4
4,1,8
8,1,7
7,1,3
3,1,0
0,1,0
0,1,0
0,1,0
0,1,2
2,1,6
6,1,11
11,1,16
16,1,11
11,1,0
0,1,3
3,1,1
1,1,2
2,1,3
3,1,0
0,1,4
4,1,8
8,1,15
15,1,18
18,1,11
11,1,1
1,1,2
2,1,3
3,1,3
3,1,4
4,1,7
7,1,8
8,1,8
8,1,0
0,1,13
13,1,13
13,1,4
4,1,2
2,1,7
7,1,11
11,1,5
5,1,6
6,1,7
7,1,1
1,1,2
2,1,7
7,1,16
16,1,13
13,1,0
0,1,7
7,1,6
6,1,1
1,1,1
1,1,4
4,1,4
4,1,0
0,1,4
4,1,4
4,1,2
2,1,5
5,1,2
2,1,6
6,1,4
4,1,10
10,1,4
4,1,2
2,1,1
1,1,1
1,1,3
3,1,10
10,1,9
9,1,0
0,1,11
11,1,15
15,1,11
11,1,5
5,1,3
3,1,4
4,1,1
1,1,5
5,1,5
5,1,1
1,1,3
3,1,4
4,1,7
7,1,11
11,1,15
15,1,14
14,1,7
7,1,0
0,1,4
4,1,5
5,1,1
1,1,2
2,1,2
2,1,2
2,1,3
3,1,1
1,1,1
1,1,6
6,1,15
15,1,12
12,1,0
0,1,5
5,1,3
3,1,2
2,1,7
7,1,2
2,1,6
6,1,8
8,1,1
1,1,19
19,1,39
39,1,40
40,1,27
27,1,8
8,1,10
10,1,22
22,1,24
24,1,18
18,1,8
8,1,3
3,1,0
0,1,8
8,1,22
22,1,25
25,1,14
14,1,0
0,1,5
5,1,4
4,1,7
7,1,3
3,1,5
5,1,11
11,1,14
14,1,11
11,1,0
0,1,11
11,1,11
11,1,6
6,1,2
2,1,8
8,1,11
11,1,10
10,1,12
12,1,16
16,1,12
12,1,2
2,1,4
4,1,8
8,1,18
18,1,30
30,1,20
20,1,3
3,1,3
3,1,0
0,1,6
6,1,9
9,1,13
13,1,17
17,1,13
13,1,1
1,1,6
6,1,14
14,1,12
12,1,2
2,1,1
1,1,1
1,1,1
1,1,6
6,1,10
10,1,8
8,1,1
1,1,0
0,1,0
0,1,2
2,1,2
2,1,0
0,1,3
3,1,2
2,1,0
0,1,2
2,1,1
1,1,7
7,1,13
13,1,12
12,1,8
8,1,7
7,1,7
7,1,4
4,1,1
1,1,2
2,1,4
4,1,2
2,1,2
2,1,5
5,1,7
7,1,2
2,1,2
2,1,3
3,1,5
5,1,5
5,1,4
4,1,1
1,1,1
1,1,1
1,1,1
1,1,1
1,1,0
0,1,1
1,1,0
0,1,6
6,1,13
13,1,10
10,1,6
6,1,4
4,1,5
5,1,13
13,1,9
9,1,8
8,1,15
15,1,13
13,1,6
6,1,7
7,1,18
18,1,21
21,1,4
4,1,12
12,1,12
12,1,9
9,1,6
6,1,6
6,1,8
8,1,7
7,1,3
3,1,1
1,1,2
2,1,0
0,1,1
1,1,2
2,1,3
3,1,5
5,1,12
12,1,17
17,1,14
14,1,2
2,1,3
3,1,0
0,1,0
0,1,2
2,1,0
0,1,6
6,1,4
4,1,4
4,1,11
11,1,8
8,1,1
1,1,3
3,1,4
4,1,1
1,1,2
2,1,2
2,1,12
12,1,11
11,1,11
11,1,15
15,1,12
12,1,10
10,1,10
10,1,6
6,1,0
0,1,2
2,1,5
5,1,14
14,1,11
11,1,4
4,1,12
12,1,8
8,1,1
1,1,0
0,1,2
2,1,3
3,1,0
0,1,0
0,1,5
5,1,7
7,1,3
3,1,0
0,1,0
0,1,1
1,1,2
2,1,5
5,1,2
2,1,5
5,1,6
6,1,0
0,1,5
5,1,8
8,1,6
6,1,2
2,1,1
1,1,6
6,1,7
7,1,4
4,1,1
1,1,1
1,1,3
3,1,4
4,1,5
5,1,9
9,1,8
8,1,1
1,1,5
5,1,8
8,1,9
9,1,7
7,1,10
10,1,16
16,1,16
16,1,7
7,1,2
2,1,1
1,1,2
2,1,3
3,1,0
0,1,12
12,1,18
18,1,15
15,1,14
14,1,12
12,1,14
14,1,22
22,1,14
14,1,4
4,1,0
0,1,9
9,1,19
19,1,24
24,1,24
24,1,21
21,1,18
18,1,16
16,1,13
13,1,11
11,1,9
9,1,1
1,1,7
7,1,11
11,1,8
8,1,10
10,1,15
15,1,14
14,1,8
8,1,1
1,1,0
0,1,0
0,1,0
0,1,5
5,1,5
5,1,0
0,1,5
5,1,3
3,1,2
2,1,4
4,1,2
2,1,3
3,1,8
8,1,7
7,1,1
1,1,4
4,1,9
9,1,9
9,1,4
4,1,8
8,1,12
12,1,6
6,1,2
2,1,2
2,1,2
2,1,0
0,1,0
0,1,7
7,1,9
9,1,10
10,1,9
9,1,1
1,1,5
5,1,4
4,1,1
1,1,1
1,1,8
8,1,13
13,1,6
6,1,3
3,1,7
7,1,10
10,1,9
9,1,1
1,1,7
7,1,3
3,1,0
0,1,0
0,1,6
6,1,5
5,1,0
0,1,0
0,1,5
5,1,12
12,1,15
15,1,11
11,1,6
6,1,4
4,1,1
1,1,3
3,1,3
3,1,2
2,1,7
7,1,13
13,1,9
9,1,3
3,1,10
10,1,7
7,1,6
6,1,11
11,1,12
12,1,7
7,1,3
3,1,0
0,1,0
0,1,14
14,1,14
14,1,3
3,1,16
16,1,17
17,1,11
11,1,5
5,1,3
3,1,0
0,1,9
9,1,22
22,1,22
22,1,14
14,1,6
6,1,1
1,1,0
0,1,4
4,1,9
9,1,0
0,1,12
12,1,8
8,1,0
0,1,3
3,1,3
3,1,5
5,1,12
12,1,9
9,1,3
3,1,6
6,1,0
0,1,0
0,1,1
1,1,2
2,1,0
0,1,3
3,1,5
5,1,9
9,1,15
15,1,13
13,1,10
10,1,5
5,1,0
0,1,1
1,1,1
1,1,6
6,1,6
6,1,5
5,1,16
16,1,12
12,1,2
2,1,11
11,1,8
8,1,6
6,1,4
4,1,0
0,1,3
3,1,10
10,1,9
9,1,3
3,1,2
2,1,4
4,1,1
1,1,1
1,1,5
5,1,7
7,1,2
2,1,1
1,1,2
2,1,2
2,1,1
1,1,5
5,1,13
13,1,16
16,1,9
9,1,0
0,1,4
4,1,3
3,1,4
4,1,13
13,1,16
16,1,10
10,1,1
1,1,2
2,1,2
2,1,9
9,1,19
19,1,16
16,1,2
2,1,7
7,1,6
6,1,0
0,1,0
0,1,3
3,1,4
4,1,1
1,1,4
4,1,1
1,1,0
0,1,1
1,1,2
2,1,4
4,1,2
2,1,1
1,1,2
2,1,0
0,1,6
6,1,13
13,1,11
11,1,5
5,1,0
0,1,3
3,1,7
7,1,10
10,1,12
12,1,8
8,1,6
6,1,11
11,1,8
8,1,2
2,1,2
2,1,1
1,1,1
1,1,1
1,1,0
0,1,1
1,1,7
7,1,6
6,1,2
2,1,1
1,1,0
0,1,0
0,1,2
2,1,0
0,1,2
2,1,4
4,1,2
2,1,1
1,1,5
5,1,5
5,1,3
3,1,5
5,1,0
0,1,8
8,1,7
7,1,1
1,1,7
7,1,7
7,1,1
1,1,8
8,1,9
9,1,4
4,1,3
3,1,5
5,1,4
4,1,3
3,1,14
14,1,15
15,1,6
6,1,1
1,1,0
0,1,0
0,1,10
10,1,29
29,1,32
32,1,9
9,1,22
22,1,33
33,1,32
32,1,20
20,1,4
4,1,1
1,1,41
41,1,49
49,1,28
28,1,16
16,1,6
6,1,0
0,1,9
9,1,28
28,1,51
51,1,54
54,1,22
22,1,7
7,1,10
10,1,4
4,1,13
13,1,26
26,1,18
18,1,4
4,1,26
26,1,38
38,1,32
32,1,22
22,1,8
8,1,11
11,1,30
30,1,37
37,1,28
28,1,1
1,1,17
17,1,14
14,1,6
6,1,4
4,1,22
22,1,28
28,1,17
17,1,0
0,1,0
0,1,12
12,1,17
17,1,14
14,1,10
10,1,8
8,1,8
8,1,6
6,1,2
2,1,4
4,1,11
11,1,14
14,1,14
14,1,13
13,1,11
11,1,8
8,1,7
7,1,1
1,1,8
8,1,13
13,1,11
11,1,6
6,1,3
3,1,8
8,1,10
10,1,4
4,1,5
5,1,9
9,1,7
7,1,5
5,1,5
5,1,7
7,1,10
10,1,8
8,1,6
6,1,33
33,1,48
48,1,45
45,1,23
23,1,0
0,1,11
11,1,9
9,1,6
6,1,9
9,1,14
14,1,21
21,1,24
24,1,20
20,1,13
13,1,8
8,1,6
6,1,6
6,1,6
6,1,1
1,1,8
8,1,13
13,1,10
10,1,8
8,1,7
7,1,6
6,1,5
5,1,9
9,1,11
11,1,7
7,1,2
2,1,5
5,1,13
13,1,16
16,1,10
10,1,3
3,1,1
1,1,1
1,1,2
2,1,5
5,1,4
4,1,2
2,1,2
2,1,0
0,1,2
2,1,1
1,1,3
3,1,3
3,1,0
0,1,5
5,1,6
6,1,3
3,1,2
2,1,5
5,1,2
2,1,4
4,1,10
10,1,8
8,1,5
5,1,3
3,1,3
3,1,3
3,1,0
0,1,3
3,1,4
4,1,2
2,1,0
0,1,3
3,1,5
5,1,4
4,1,5
5,1,9
9,1,8
8,1,2
2,1,2
2,1,7
7,1,8
8,1,1
1,1,10
10,1,12
12,1,3
3,1,6
6,1,5
5,1,0
0,1,1
1,1,5
5,1,3
3,1,2
2,1,5
5,1,2
2,1,5
5,1,12
12,1,6
6,1,3
3,1,8
8,1,5
5,1,1
1,1,0
0,1,0
0,1,1
1,1,4
4,1,0
0,1,9
9,1,11
11,1,10
10,1,7
7,1,2
2,1,1
1,1,0
0,1,3
3,1,3
3,1,1
1,1,7
7,1,18
18,1,17
17,1,1
1,1,11
11,1,14
14,1,14
14,1,12
12,1,10
10,1,8
8,1,6
6,1,6
6,1,0
0,1,17
17,1,26
26,1,17
17,1,8
8,1,8
8,1,9
9,1,7
7,1,1
1,1,11
11,1,14
14,1,8
8,1,4
4,1,8
8,1,2
2,1,2
2,1,2
2,1,2
2,1,4
4,1,1
1,1,6
6,1,6
6,1,3
3,1,0
0,1,5
5,1,7
7,1,4
4,1,1
1,1,1
1,1,1
1,1,0
0,1,4
4,1,2
2,1,6
6,1,10
10,1,13
13,1,19
19,1,14
14,1,1
1,1,4
4,1,1
1,1,0
0,1,0
0,1,2
2,1,3
3,1,1
1,1,4
4,1,8
8,1,4
4,1,2
2,1,7
7,1,5
5,1,0
0,1,5
5,1,6
6,1,3
3,1,1
1,1,6
6,1,2
2,1,4
4,1,11
11,1,11
11,1,5
5,1,3
3,1,9
9,1,8
8,1,2
2,1,3
3,1,1
1,1,5
5,1,7
7,1,3
3,1,1
1,1,2
2,1,5
5,1,5
5,1,3
3,1,4
4,1,1
1,1,12
12,1,8
8,1,14
14,1,27
27,1,15
15,1,4
4,1,11
11,1,10
10,1,5
5,1,2
2,1,7
7,1,6
6,1,6
6,1,4
4,1,2
2,1,0
0,1,8
8,1,9
9,1,4
4,1,1
1,1,7
7,1,7
7,1,3
3,1,0
0,1,3
3,1,6
6,1,10
10,1,16
16,1,20
20,1,13
13,1,7
7,1,2
2,1,3
3,1,7
7,1,3
3,1,6
6,1,8
8,1,3
3,1,0
0,1,3
3,1,6
6,1,7
7,1,14
14,1,23
23,1,23
23,1,7
7,1,10
10,1,17
17,1,11
11,1,4
4,1,7
7,1,16
16,1,14
14,1,3
3,1,1
1,1,2
2,1,2
2,1,2
2,1,4
4,1,2
2,1,1
1,1,6
6,1,7
7,1,0
0,1,4
4,1,2
2,1,0
0,1,0
0,1,2
2,1,1
1,1,5
5,1,2
2,1,1
1,1,0
0,1,1
1,1,1
1,1,0
0,1,0
0,1,0
0,1,0
0,1,0
0,1,2
2,1,2
2,1,6
6,1,13
13,1,13
13,1,6
6,1,1
1,1,7
7,1,3
3,1,0
0,1,3
3,1,9
9,1,10
10,1,5
5,1,8
8,1,15
15,1,8
8,1,0
0,1,0
0,1,0
0,1,4
4,1,6
6,1,8
8,1,10
10,1,8
8,1,10
10,1,12
12,1,5
5,1,7
7,1,10
10,1,6
6,1,6
6,1,6
6,1,4
4,1,4
4,1,7
7,1,6
6,1,7
7,1,12
12,1,13
13,1,10
10,1,2
2,1,7
7,1,9
9,1,2
2,1,0
0,1,3
3,1,5
5,1,0
0,1,8
8,1,8
8,1,4
4,1,1
1,1,6
6,1,7
7,1,8
8,1,10
10,1,7
7,1,0
0,1,7
7,1,9
9,1,13
13,1,11
11,1,4
4,1,1
1,1,4
4,1,3
3,1,3
3,1,10
10,1,6
6,1,0
0,1,5
5,1,6
6,1,1
1,1,7
7,1,13
13,1,9
9,1,5
5,1,9
9,1,3
3,1,8
8,1,1
1,1,2
2,1,3
3,1,2
2,1,2
2,1,5
5,1,12
12,1,12
12,1,8
8,1,6
6,1,5
5,1,5
5,1,15
15,1,28
28,1,29
29,1,15
15,1,1
1,1,6
6,1,10
10,1,7
7,1,2
2,1,1
1,1,1
1,1,10
10,1,14
14,1,11
11,1,7
7,1,3
3,1,3
3,1,3
3,1,7
7,1,4
4,1,1
1,1,1
1,1,2
2,1,1
1,1,5
5,1,2
2,1,2
2,1,8
8,1,9
9,1,8
8,1,6
6,1,4
4,1,4
4,1,3
3,1,6
6,1,8
8,1,4
4,1,3
3,1,2
2,1,0
0,1,1
1,1,2
2,1,8
8,1,5
5,1,3
3,1,4
4,1,0
0,1,3
3,1,2
2,1,0
0,1,2
2,1,4
4,1,1
1,1,7
7,1,8
8,1,2
2,1,0
0,1,3
3,1,3
3,1,4
4,1,11
11,1,9
9,1,4
4,1,0
0,1,1
1,1,1
1,1,7
7,1,11
11,1,10
10,1,7
7,1,2
2,1,2
2,1,4
4,1,2
2,1,6
6,1,9
9,1,3
3,1,7
7,1,14
14,1,10
10,1,0
0,1,3
3,1,2
2,1,3
3,1,4
4,1,4
4,1,4
4,1,14
14,1,15
15,1,15
15,1,15
15,1,9
9,1,2
2,1,8
8,1,5
5,1,5
5,1,6
6,1,6
6,1,2
2,1,5
5,1,10
10,1,4
4,1,7
7,1,16
16,1,17
17,1,12
12,1,6
6,1,5
5,1,3
3,1,1
1,1,0
0,1,4
4,1,10
10,1,16
16,1,18
18,1,7
7,1,1
1,1,4
4,1,11
11,1,3
3,1,8
8,1,10
10,1,1
1,1,12
12,1,17
17,1,17
17,1,17
17,1,15
15,1,5
5,1,0
0,1,4
4,1,6
6,1,1
1,1,11
11,1,18
18,1,14
14,1,6
6,1,0
0,1,2
2,1,2
2,1,5
5,1,2
2,1,8
8,1,13
13,1,8
8,1,4
4,1,1
1,1,0
0,1,1
1,1,7
7,1,13
13,1,9
9,1,2
2,1,6
6,1,6
6,1,6
6,1,5
5,1,5
5,1,0
0,1,5
5,1,6
6,1,4
4,1,2
2,1,8
8,1,9
9,1,5
5,1,6
6,1,13
13,1,14
14,1,7
7,1,1
1,1,1
1,1,4
4,1,3
3,1,2
2,1,6
6,1,5
5,1,2
2,1,2
2,1,5
5,1,0
0,1,6
6,1,5
5,1,1
1,1,3
3,1,3
3,1,1
1,1,1
1,1,0
0,1,4
4,1,8
8,1,10
10,1,3
3,1,10
10,1,19
19,1,13
13,1,3
3,1,2
2,1,2
2,1,6
6,1,13
13,1,11
11,1,5
5,1,1
1,1,4
4,1,2
2,1,4
4,1,9
9,1,8
8,1,1
1,1,7
7,1,15
15,1,12
12,1,1
1,1,12
12,1,14
14,1,9
9,1,1
1,1,1
1,1,7
7,1,14
14,1,19
19,1,19
19,1,11
11,1,3
3,1,0
0,1,1
1,1,7
7,1,18
18,1,24
24,1,22
22,1,14
14,1,0
0,1,7
7,1,10
10,1,10
10,1,5
5,1,1
1,1,6
6,1,7
7,1,3
3,1,1
1,1,0
0,1,0
0,1,6
6,1,5
5,1,0
0,1,0
0,1,5
5,1,7
7,1,13
13,1,16
16,1,15
15,1,8
8,1,4
4,1,5
5,1,4
4,1,0
0,1,1
1,1,0
0,1,3
3,1,9
9,1,2
2,1,6
6,1,8
8,1,4
4,1,1
1,1,1
1,1,4
4,1,4
4,1,0
0,1,4
4,1,8
8,1,1
1,1,14
14,1,14
14,1,6
6,1,0
0,1,2
2,1,3
3,1,0
0,1,8
8,1,12
12,1,9
9,1,4
4,1,5
5,1,15
15,1,16
16,1,12
12,1,3
3,1,7
7,1,9
9,1,5
5,1,3
3,1,1
1,1,2
2,1,2
2,1,2
2,1,1
1,1,5
5,1,6
6,1,7
7,1,13
13,1,16
16,1,15
15,1,10
10,1,3
3,1,2
2,1,8
8,1,6
6,1,1
1,1,8
8,1,9
9,1,6
6,1,2
2,1,3
3,1,0
0,1,5
5,1,1
1,1,5
5,1,3
3,1,0
0,1,4
4,1,10
10,1,13
13,1,12
12,1,12
12,1,16
16,1,15
15,1,3
3,1,11
11,1,20
20,1,22
22,1,17
17,1,12
12,1,12
12,1,19
19,1,22
22,1,14
14,1,6
6,1,1
1,1,10
10,1,22
22,1,21
21,1,12
12,1,12
12,1,18
18,1,17
17,1,7
7,1,0
0,1,0
0,1,6
6,1,4
4,1,4
4,1,8
8,1,4
4,1,7
7,1,13
13,1,8
8,1,3
3,1,0
0,1,3
3,1,14
14,1,12
12,1,2
2,1,3
3,1,6
6,1,7
7,1,6
6,1,5
5,1,4
4,1,5
5,1,4
4,1,0
0,1,2
2,1,3
3,1,5
5,1,6
6,1,7
7,1,8
8,1,11
11,1,8
8,1,0
0,1,5
5,1,3
3,1,2
2,1,13
13,1,20
20,1,17
17,1,6
6,1,4
4,1,13
13,1,15
15,1,13
13,1,12
12,1,8
8,1,2
2,1,0
0,1,1
1,1,0
0,1,2
2,1,12
12,1,15
15,1,10
10,1,3
3,1,1
1,1,3
3,1,3
3,1,1
1,1,3
3,1,4
4,1,5
5,1,4
4,1,2
2,1,2
2,1,3
3,1,2
2,1,6
6,1,10
10,1,13
13,1,10
10,1,4
4,1,1
1,1,8
8,1,13
13,1,16
16,1,9
9,1,1
1,1,8
8,1,7
7,1,2
2,1,17
17,1,20
20,1,15
15,1,9
9,1,7
7,1,5
5,1,4
4,1,7
7,1,13
13,1,16
16,1,10
10,1,2
2,1,0
0,1,2
2,1,8
8,1,8
8,1,3
3,1,0
0,1,5
5,1,5
5,1,5
5,1,6
6,1,1
1,1,3
3,1,2
2,1,7
7,1,5
5,1,1
1,1,7
7,1,12
12,1,12
12,1,4
4,1,4
4,1,4
4,1,1
1,1,2
2,1,5
5,1,10
10,1,11
11,1,6
6,1,0
0,1,6
6,1,5
5,1,0
0,1,3
3,1,6
6,1,6
6,1,3
3,1,0
0,1,0
0,1,4
4,1,7
7,1,6
6,1,7
7,1,10
10,1,10
10,1,9
9,1,4
4,1,5
5,1,13
13,1,9
9,1,4
4,1,12
12,1,10
10,1,2
2,1,7
7,1,16
16,1,12
12,1,0
0,1,6
6,1,5
5,1,3
3,1,6
6,1,14
14,1,18
18,1,14
14,1,9
9,1,5
5,1,6
6,1,5
5,1,2
2,1,9
9,1,11
11,1,12
12,1,14
14,1,9
9,1,0
0,1,6
6,1,9
9,1,10
10,1,8
8,1,2
2,1,4
4,1,7
7,1,8
8,1,6
6,1,4
4,1,7
7,1,12
12,1,9
9,1,1
1,1,2
2,1,9
9,1,6
6,1,3
3,1,5
5,1,0
0,1,7
7,1,9
9,1,8
8,1,6
6,1,0
